SubscriptionName,SubscriptionGuid,Date,ResourceGuid,ServiceName,ServiceType,ServiceRegion,ServiceResource,Quantity,Cost
"Microsoft Azure Sponsorship","82375e17-0dda-4790-b6e8-c565d4f08e87","9/30/2024","6db4a779-0d75-481a-af26-026ccf5795c8","Bandwidth","Inter-Region","South America","Intra Continent Data Transfer Out","0","0.000000"
"Microsoft Azure Sponsorship","82375e17-0dda-4790-b6e8-c565d4f08e87","10/1/2024","6db4a779-0d75-481a-af26-026ccf5795c8","Bandwidth","Inter-Region","South America","Intra Continent Data Transfer Out","0","0.000000"
"Microsoft Azure Sponsorship","82375e17-0dda-4790-b6e8-c565d4f08e87","10/2/2024","6db4a779-0d75-481a-af26-026ccf5795c8","Bandwidth","Inter-Region","South America","Intra Continent Data Transfer Out","0","0.000000"
"Microsoft Azure Sponsorship","82375e17-0dda-4790-b6e8-c565d4f08e87","10/3/2024","6db4a779-0d75-481a-af26-026ccf5795c8","Bandwidth","Inter-Region","South America","Intra Continent Data Transfer Out","0","0.000000"
"Microsoft Azure Sponsorship","82375e17-0dda-4790-b6e8-c565d4f08e87","10/4/2024","6db4a779-0d75-481a-af26-026ccf5795c8","Bandwidth","Inter-Region","South America","Intra Continent Data Transfer Out","0","0.000000"
"Microsoft Azure Sponsorship","82375e17-0dda-4790-b6e8-c565d4f08e87","10/5/2024","6db4a779-0d75-481a-af26-026ccf5795c8","Bandwidth","Inter-Region","South America","Intra Continent Data Transfer Out","0","0.000000"
"Microsoft Azure Sponsorship","82375e17-0dda-4790-b6e8-c565d4f08e87","10/6/2024","6db4a779-0d75-481a-af26-026ccf5795c8","Bandwidth","Inter-Region","South America","Intra Continent Data Transfer Out","0","0.000000"
"Microsoft Azure Sponsorship","82375e17-0dda-4790-b6e8-c565d4f08e87","10/7/2024","6db4a779-0d75-481a-af26-026ccf5795c8","Bandwidth","Inter-Region","South America","Intra Continent Data Transfer Out","0","0.000000"
"Microsoft Azure Sponsorship","82375e17-0dda-4790-b6e8-c565d4f08e87","10/8/2024","6db4a779-0d75-481a-af26-026ccf5795c8","Bandwidth","Inter-Region","South America","Intra Continent Data Transfer Out","0","0.000000"
"Microsoft Azure Sponsorship","82375e17-0dda-4790-b6e8-c565d4f08e87","10/9/2024","6db4a779-0d75-481a-af26-026ccf5795c8","Bandwidth","Inter-Region","South America","Intra Continent Data Transfer Out","0","0.000000"
"Microsoft Azure Sponsorship","82375e17-0dda-4790-b6e8-c565d4f08e87","10/10/2024","6db4a779-0d75-481a-af26-026ccf5795c8","Bandwidth","Inter-Region","South America","Intra Continent Data Transfer Out","0","0.000000"
"Microsoft Azure Sponsorship","82375e17-0dda-4790-b6e8-c565d4f08e87","10/11/2024","6db4a779-0d75-481a-af26-026ccf5795c8","Bandwidth","Inter-Region","South America","Intra Continent Data Transfer Out","0","0.000000"
"Microsoft Azure Sponsorship","82375e17-0dda-4790-b6e8-c565d4f08e87","10/12/2024","6db4a779-0d75-481a-af26-026ccf5795c8","Bandwidth","Inter-Region","South America","Intra Continent Data Transfer Out","0","0.000000"
"Microsoft Azure Sponsorship","82375e17-0dda-4790-b6e8-c565d4f08e87","10/13/2024","6db4a779-0d75-481a-af26-026ccf5795c8","Bandwidth","Inter-Region","South America","Intra Continent Data Transfer Out","0","0.000000"
"Microsoft Azure Sponsorship","82375e17-0dda-4790-b6e8-c565d4f08e87","10/14/2024","6db4a779-0d75-481a-af26-026ccf5795c8","Bandwidth","Inter-Region","South America","Intra Continent Data Transfer Out","0","0.000000"
"Microsoft Azure Sponsorship","82375e17-0dda-4790-b6e8-c565d4f08e87","10/15/2024","6db4a779-0d75-481a-af26-026ccf5795c8","Bandwidth","Inter-Region","South America","Intra Continent Data Transfer Out","0","0.000000"
"Microsoft Azure Sponsorship","82375e17-0dda-4790-b6e8-c565d4f08e87","10/16/2024","6db4a779-0d75-481a-af26-026ccf5795c8","Bandwidth","Inter-Region","South America","Intra Continent Data Transfer Out","0","0.000000"
"Microsoft Azure Sponsorship","82375e17-0dda-4790-b6e8-c565d4f08e87","10/17/2024","6db4a779-0d75-481a-af26-026ccf5795c8","Bandwidth","Inter-Region","South America","Intra Continent Data Transfer Out","0","0.000000"
"Microsoft Azure Sponsorship","82375e17-0dda-4790-b6e8-c565d4f08e87","10/18/2024","6db4a779-0d75-481a-af26-026ccf5795c8","Bandwidth","Inter-Region","South America","Intra Continent Data Transfer Out","0","0.000000"
"Microsoft Azure Sponsorship","82375e17-0dda-4790-b6e8-c565d4f08e87","10/19/2024","6db4a779-0d75-481a-af26-026ccf5795c8","Bandwidth","Inter-Region","South America","Intra Continent Data Transfer Out","0","0.000000"
"Microsoft Azure Sponsorship","82375e17-0dda-4790-b6e8-c565d4f08e87","10/20/2024","6db4a779-0d75-481a-af26-026ccf5795c8","Bandwidth","Inter-Region","South America","Intra Continent Data Transfer Out","0","0.000000"
"Microsoft Azure Sponsorship","82375e17-0dda-4790-b6e8-c565d4f08e87","10/21/2024","6db4a779-0d75-481a-af26-026ccf5795c8","Bandwidth","Inter-Region","South America","Intra Continent Data Transfer Out","0","0.000000"
"Microsoft Azure Sponsorship","82375e17-0dda-4790-b6e8-c565d4f08e87","10/22/2024","6db4a779-0d75-481a-af26-026ccf5795c8","Bandwidth","Inter-Region","South America","Intra Continent Data Transfer Out","0","0.000000"
"Microsoft Azure Sponsorship","82375e17-0dda-4790-b6e8-c565d4f08e87","10/23/2024","6db4a779-0d75-481a-af26-026ccf5795c8","Bandwidth","Inter-Region","South America","Intra Continent Data Transfer Out","0","0.000000"
"Microsoft Azure Sponsorship","82375e17-0dda-4790-b6e8-c565d4f08e87","10/24/2024","6db4a779-0d75-481a-af26-026ccf5795c8","Bandwidth","Inter-Region","South America","Intra Continent Data Transfer Out","0","0.000000"
"Microsoft Azure Sponsorship","82375e17-0dda-4790-b6e8-c565d4f08e87","10/25/2024","6db4a779-0d75-481a-af26-026ccf5795c8","Bandwidth","Inter-Region","South America","Intra Continent Data Transfer Out","0","0.000000"
"Microsoft Azure Sponsorship","82375e17-0dda-4790-b6e8-c565d4f08e87","10/26/2024","6db4a779-0d75-481a-af26-026ccf5795c8","Bandwidth","Inter-Region","South America","Intra Continent Data Transfer Out","0","0.000000"
"Microsoft Azure Sponsorship","82375e17-0dda-4790-b6e8-c565d4f08e87","10/27/2024","6db4a779-0d75-481a-af26-026ccf5795c8","Bandwidth","Inter-Region","South America","Intra Continent Data Transfer Out","0","0.000000"
"Microsoft Azure Sponsorship","82375e17-0dda-4790-b6e8-c565d4f08e87","10/28/2024","6db4a779-0d75-481a-af26-026ccf5795c8","Bandwidth","Inter-Region","South America","Intra Continent Data Transfer Out","0","0.000000"
"Microsoft Azure Sponsorship","82375e17-0dda-4790-b6e8-c565d4f08e87","10/29/2024","6db4a779-0d75-481a-af26-026ccf5795c8","Bandwidth","Inter-Region","South America","Intra Continent Data Transfer Out","0","0.000000"
"Microsoft Azure Sponsorship","82375e17-0dda-4790-b6e8-c565d4f08e87","10/30/2024","6db4a779-0d75-481a-af26-026ccf5795c8","Bandwidth","Inter-Region","South America","Intra Continent Data Transfer Out","0","0.000000"
"Microsoft Azure Sponsorship","82375e17-0dda-4790-b6e8-c565d4f08e87","10/31/2024","6db4a779-0d75-481a-af26-026ccf5795c8","Bandwidth","Inter-Region","South America","Intra Continent Data Transfer Out","0","0.000000"
"Microsoft Azure Sponsorship","82375e17-0dda-4790-b6e8-c565d4f08e87","9/30/2024","e07fca8f-2362-4b83-99c2-05adfa84adbd","Storage","Standard SSD Managed Disks","BR South","E15 LRS Disk","0.033336","1.194768"
"Microsoft Azure Sponsorship","82375e17-0dda-4790-b6e8-c565d4f08e87","10/1/2024","e07fca8f-2362-4b83-99c2-05adfa84adbd","Storage","Standard SSD Managed Disks","BR South","E15 LRS Disk","0.032256","1.156056"
"Microsoft Azure Sponsorship","82375e17-0dda-4790-b6e8-c565d4f08e87","10/2/2024","e07fca8f-2362-4b83-99c2-05adfa84adbd","Storage","Standard SSD Managed Disks","BR South","E15 LRS Disk","0.032256","1.156056"
"Microsoft Azure Sponsorship","82375e17-0dda-4790-b6e8-c565d4f08e87","10/3/2024","e07fca8f-2362-4b83-99c2-05adfa84adbd","Storage","Standard SSD Managed Disks","BR South","E15 LRS Disk","0.032256","1.156056"
"Microsoft Azure Sponsorship","82375e17-0dda-4790-b6e8-c565d4f08e87","10/4/2024","e07fca8f-2362-4b83-99c2-05adfa84adbd","Storage","Standard SSD Managed Disks","BR South","E15 LRS Disk","0.032256","1.156056"
"Microsoft Azure Sponsorship","82375e17-0dda-4790-b6e8-c565d4f08e87","10/5/2024","e07fca8f-2362-4b83-99c2-05adfa84adbd","Storage","Standard SSD Managed Disks","BR South","E15 LRS Disk","0.032256","1.156056"
"Microsoft Azure Sponsorship","82375e17-0dda-4790-b6e8-c565d4f08e87","10/6/2024","e07fca8f-2362-4b83-99c2-05adfa84adbd","Storage","Standard SSD Managed Disks","BR South","E15 LRS Disk","0.032256","1.156056"
"Microsoft Azure Sponsorship","82375e17-0dda-4790-b6e8-c565d4f08e87","10/7/2024","e07fca8f-2362-4b83-99c2-05adfa84adbd","Storage","Standard SSD Managed Disks","BR South","E15 LRS Disk","0.032256","1.156056"
"Microsoft Azure Sponsorship","82375e17-0dda-4790-b6e8-c565d4f08e87","10/8/2024","e07fca8f-2362-4b83-99c2-05adfa84adbd","Storage","Standard SSD Managed Disks","BR South","E15 LRS Disk","0.032256","1.156056"
"Microsoft Azure Sponsorship","82375e17-0dda-4790-b6e8-c565d4f08e87","10/9/2024","e07fca8f-2362-4b83-99c2-05adfa84adbd","Storage","Standard SSD Managed Disks","BR South","E15 LRS Disk","0.032256","1.156056"
"Microsoft Azure Sponsorship","82375e17-0dda-4790-b6e8-c565d4f08e87","10/10/2024","e07fca8f-2362-4b83-99c2-05adfa84adbd","Storage","Standard SSD Managed Disks","BR South","E15 LRS Disk","0.032256","1.156056"
"Microsoft Azure Sponsorship","82375e17-0dda-4790-b6e8-c565d4f08e87","10/11/2024","e07fca8f-2362-4b83-99c2-05adfa84adbd","Storage","Standard SSD Managed Disks","BR South","E15 LRS Disk","0.032256","1.156056"
"Microsoft Azure Sponsorship","82375e17-0dda-4790-b6e8-c565d4f08e87","10/12/2024","e07fca8f-2362-4b83-99c2-05adfa84adbd","Storage","Standard SSD Managed Disks","BR South","E15 LRS Disk","0.032256","1.156056"
"Microsoft Azure Sponsorship","82375e17-0dda-4790-b6e8-c565d4f08e87","10/13/2024","e07fca8f-2362-4b83-99c2-05adfa84adbd","Storage","Standard SSD Managed Disks","BR South","E15 LRS Disk","0.032256","1.156056"
"Microsoft Azure Sponsorship","82375e17-0dda-4790-b6e8-c565d4f08e87","10/14/2024","e07fca8f-2362-4b83-99c2-05adfa84adbd","Storage","Standard SSD Managed Disks","BR South","E15 LRS Disk","0.032256","1.156056"
"Microsoft Azure Sponsorship","82375e17-0dda-4790-b6e8-c565d4f08e87","10/15/2024","e07fca8f-2362-4b83-99c2-05adfa84adbd","Storage","Standard SSD Managed Disks","BR South","E15 LRS Disk","0.032256","1.156056"
"Microsoft Azure Sponsorship","82375e17-0dda-4790-b6e8-c565d4f08e87","10/16/2024","e07fca8f-2362-4b83-99c2-05adfa84adbd","Storage","Standard SSD Managed Disks","BR South","E15 LRS Disk","0.032256","1.156056"
"Microsoft Azure Sponsorship","82375e17-0dda-4790-b6e8-c565d4f08e87","10/17/2024","e07fca8f-2362-4b83-99c2-05adfa84adbd","Storage","Standard SSD Managed Disks","BR South","E15 LRS Disk","0.032256","1.156056"
"Microsoft Azure Sponsorship","82375e17-0dda-4790-b6e8-c565d4f08e87","10/18/2024","e07fca8f-2362-4b83-99c2-05adfa84adbd","Storage","Standard SSD Managed Disks","BR South","E15 LRS Disk","0.032256","1.156056"
"Microsoft Azure Sponsorship","82375e17-0dda-4790-b6e8-c565d4f08e87","10/19/2024","e07fca8f-2362-4b83-99c2-05adfa84adbd","Storage","Standard SSD Managed Disks","BR South","E15 LRS Disk","0.032256","1.156056"
"Microsoft Azure Sponsorship","82375e17-0dda-4790-b6e8-c565d4f08e87","10/20/2024","e07fca8f-2362-4b83-99c2-05adfa84adbd","Storage","Standard SSD Managed Disks","BR South","E15 LRS Disk","0.032256","1.156056"
"Microsoft Azure Sponsorship","82375e17-0dda-4790-b6e8-c565d4f08e87","10/21/2024","e07fca8f-2362-4b83-99c2-05adfa84adbd","Storage","Standard SSD Managed Disks","BR South","E15 LRS Disk","0.032256","1.156056"
"Microsoft Azure Sponsorship","82375e17-0dda-4790-b6e8-c565d4f08e87","10/22/2024","e07fca8f-2362-4b83-99c2-05adfa84adbd","Storage","Standard SSD Managed Disks","BR South","E15 LRS Disk","0.032256","1.156056"
"Microsoft Azure Sponsorship","82375e17-0dda-4790-b6e8-c565d4f08e87","10/23/2024","e07fca8f-2362-4b83-99c2-05adfa84adbd","Storage","Standard SSD Managed Disks","BR South","E15 LRS Disk","0.032256","1.156056"
"Microsoft Azure Sponsorship","82375e17-0dda-4790-b6e8-c565d4f08e87","10/24/2024","e07fca8f-2362-4b83-99c2-05adfa84adbd","Storage","Standard SSD Managed Disks","BR South","E15 LRS Disk","0.032256","1.156056"
"Microsoft Azure Sponsorship","82375e17-0dda-4790-b6e8-c565d4f08e87","10/25/2024","e07fca8f-2362-4b83-99c2-05adfa84adbd","Storage","Standard SSD Managed Disks","BR South","E15 LRS Disk","0.032256","1.156056"
"Microsoft Azure Sponsorship","82375e17-0dda-4790-b6e8-c565d4f08e87","10/26/2024","e07fca8f-2362-4b83-99c2-05adfa84adbd","Storage","Standard SSD Managed Disks","BR South","E15 LRS Disk","0.032256","1.156056"
"Microsoft Azure Sponsorship","82375e17-0dda-4790-b6e8-c565d4f08e87","10/27/2024","e07fca8f-2362-4b83-99c2-05adfa84adbd","Storage","Standard SSD Managed Disks","BR South","E15 LRS Disk","0.032256","1.156056"
"Microsoft Azure Sponsorship","82375e17-0dda-4790-b6e8-c565d4f08e87","10/28/2024","e07fca8f-2362-4b83-99c2-05adfa84adbd","Storage","Standard SSD Managed Disks","BR South","E15 LRS Disk","0.032256","1.156056"
"Microsoft Azure Sponsorship","82375e17-0dda-4790-b6e8-c565d4f08e87","10/29/2024","e07fca8f-2362-4b83-99c2-05adfa84adbd","Storage","Standard SSD Managed Disks","BR South","E15 LRS Disk","0.032256","1.156056"
"Microsoft Azure Sponsorship","82375e17-0dda-4790-b6e8-c565d4f08e87","10/30/2024","e07fca8f-2362-4b83-99c2-05adfa84adbd","Storage","Standard SSD Managed Disks","BR South","E15 LRS Disk","0.032256","1.156056"
"Microsoft Azure Sponsorship","82375e17-0dda-4790-b6e8-c565d4f08e87","10/31/2024","e07fca8f-2362-4b83-99c2-05adfa84adbd","Storage","Standard SSD Managed Disks","BR South","E15 LRS Disk","0.017472","0.626197"
"Microsoft Azure Sponsorship","82375e17-0dda-4790-b6e8-c565d4f08e87","9/30/2024","0ddb5c81-143d-52f8-9ea3-29b64cc0ef97","Backup","All","US East","GRS Data Stored","2.548416","0.114168"
"Microsoft Azure Sponsorship","82375e17-0dda-4790-b6e8-c565d4f08e87","10/1/2024","0ddb5c81-143d-52f8-9ea3-29b64cc0ef97","Backup","All","US East","GRS Data Stored","2.548416","0.114168"
"Microsoft Azure Sponsorship","82375e17-0dda-4790-b6e8-c565d4f08e87","10/2/2024","0ddb5c81-143d-52f8-9ea3-29b64cc0ef97","Backup","All","US East","GRS Data Stored","2.548416","0.114168"
"Microsoft Azure Sponsorship","82375e17-0dda-4790-b6e8-c565d4f08e87","10/3/2024","0ddb5c81-143d-52f8-9ea3-29b64cc0ef97","Backup","All","US East","GRS Data Stored","2.548416","0.114168"
"Microsoft Azure Sponsorship","82375e17-0dda-4790-b6e8-c565d4f08e87","10/4/2024","0ddb5c81-143d-52f8-9ea3-29b64cc0ef97","Backup","All","US East","GRS Data Stored","2.548416","0.114168"
"Microsoft Azure Sponsorship","82375e17-0dda-4790-b6e8-c565d4f08e87","10/5/2024","0ddb5c81-143d-52f8-9ea3-29b64cc0ef97","Backup","All","US East","GRS Data Stored","2.548416","0.114168"
"Microsoft Azure Sponsorship","82375e17-0dda-4790-b6e8-c565d4f08e87","10/6/2024","0ddb5c81-143d-52f8-9ea3-29b64cc0ef97","Backup","All","US East","GRS Data Stored","2.548416","0.114168"
"Microsoft Azure Sponsorship","82375e17-0dda-4790-b6e8-c565d4f08e87","10/7/2024","0ddb5c81-143d-52f8-9ea3-29b64cc0ef97","Backup","All","US East","GRS Data Stored","2.548416","0.114168"
"Microsoft Azure Sponsorship","82375e17-0dda-4790-b6e8-c565d4f08e87","10/8/2024","0ddb5c81-143d-52f8-9ea3-29b64cc0ef97","Backup","All","US East","GRS Data Stored","2.548416","0.114168"
"Microsoft Azure Sponsorship","82375e17-0dda-4790-b6e8-c565d4f08e87","10/9/2024","0ddb5c81-143d-52f8-9ea3-29b64cc0ef97","Backup","All","US East","GRS Data Stored","2.548416","0.114168"
"Microsoft Azure Sponsorship","82375e17-0dda-4790-b6e8-c565d4f08e87","10/10/2024","0ddb5c81-143d-52f8-9ea3-29b64cc0ef97","Backup","All","US East","GRS Data Stored","2.548416","0.114168"
"Microsoft Azure Sponsorship","82375e17-0dda-4790-b6e8-c565d4f08e87","10/11/2024","0ddb5c81-143d-52f8-9ea3-29b64cc0ef97","Backup","All","US East","GRS Data Stored","2.548416","0.114168"
"Microsoft Azure Sponsorship","82375e17-0dda-4790-b6e8-c565d4f08e87","10/12/2024","0ddb5c81-143d-52f8-9ea3-29b64cc0ef97","Backup","All","US East","GRS Data Stored","2.548416","0.114168"
"Microsoft Azure Sponsorship","82375e17-0dda-4790-b6e8-c565d4f08e87","10/13/2024","0ddb5c81-143d-52f8-9ea3-29b64cc0ef97","Backup","All","US East","GRS Data Stored","2.548416","0.114168"
"Microsoft Azure Sponsorship","82375e17-0dda-4790-b6e8-c565d4f08e87","10/14/2024","0ddb5c81-143d-52f8-9ea3-29b64cc0ef97","Backup","All","US East","GRS Data Stored","2.548416","0.114168"
"Microsoft Azure Sponsorship","82375e17-0dda-4790-b6e8-c565d4f08e87","10/15/2024","0ddb5c81-143d-52f8-9ea3-29b64cc0ef97","Backup","All","US East","GRS Data Stored","2.548416","0.114168"
"Microsoft Azure Sponsorship","82375e17-0dda-4790-b6e8-c565d4f08e87","10/16/2024","0ddb5c81-143d-52f8-9ea3-29b64cc0ef97","Backup","All","US East","GRS Data Stored","2.548416","0.114168"
"Microsoft Azure Sponsorship","82375e17-0dda-4790-b6e8-c565d4f08e87","10/17/2024","0ddb5c81-143d-52f8-9ea3-29b64cc0ef97","Backup","All","US East","GRS Data Stored","2.548416","0.114168"
"Microsoft Azure Sponsorship","82375e17-0dda-4790-b6e8-c565d4f08e87","10/18/2024","0ddb5c81-143d-52f8-9ea3-29b64cc0ef97","Backup","All","US East","GRS Data Stored","2.548416","0.114168"
"Microsoft Azure Sponsorship","82375e17-0dda-4790-b6e8-c565d4f08e87","10/19/2024","0ddb5c81-143d-52f8-9ea3-29b64cc0ef97","Backup","All","US East","GRS Data Stored","2.548416","0.114168"
"Microsoft Azure Sponsorship","82375e17-0dda-4790-b6e8-c565d4f08e87","10/20/2024","0ddb5c81-143d-52f8-9ea3-29b64cc0ef97","Backup","All","US East","GRS Data Stored","2.548416","0.114168"
"Microsoft Azure Sponsorship","82375e17-0dda-4790-b6e8-c565d4f08e87","10/21/2024","0ddb5c81-143d-52f8-9ea3-29b64cc0ef97","Backup","All","US East","GRS Data Stored","2.548416","0.114168"
"Microsoft Azure Sponsorship","82375e17-0dda-4790-b6e8-c565d4f08e87","10/22/2024","0ddb5c81-143d-52f8-9ea3-29b64cc0ef97","Backup","All","US East","GRS Data Stored","2.548416","0.114168"
"Microsoft Azure Sponsorship","82375e17-0dda-4790-b6e8-c565d4f08e87","10/23/2024","0ddb5c81-143d-52f8-9ea3-29b64cc0ef97","Backup","All","US East","GRS Data Stored","2.548416","0.114168"
"Microsoft Azure Sponsorship","82375e17-0dda-4790-b6e8-c565d4f08e87","10/24/2024","0ddb5c81-143d-52f8-9ea3-29b64cc0ef97","Backup","All","US East","GRS Data Stored","2.548416","0.114168"
"Microsoft Azure Sponsorship","82375e17-0dda-4790-b6e8-c565d4f08e87","10/25/2024","0ddb5c81-143d-52f8-9ea3-29b64cc0ef97","Backup","All","US East","GRS Data Stored","2.548416","0.114168"
"Microsoft Azure Sponsorship","82375e17-0dda-4790-b6e8-c565d4f08e87","10/26/2024","0ddb5c81-143d-52f8-9ea3-29b64cc0ef97","Backup","All","US East","GRS Data Stored","2.548416","0.114168"
"Microsoft Azure Sponsorship","82375e17-0dda-4790-b6e8-c565d4f08e87","10/27/2024","0ddb5c81-143d-52f8-9ea3-29b64cc0ef97","Backup","All","US East","GRS Data Stored","2.548416","0.114168"
"Microsoft Azure Sponsorship","82375e17-0dda-4790-b6e8-c565d4f08e87","10/28/2024","0ddb5c81-143d-52f8-9ea3-29b64cc0ef97","Backup","All","US East","GRS Data Stored","2.548416","0.114168"
"Microsoft Azure Sponsorship","82375e17-0dda-4790-b6e8-c565d4f08e87","10/29/2024","0ddb5c81-143d-52f8-9ea3-29b64cc0ef97","Backup","All","US East","GRS Data Stored","2.548416","0.114168"
"Microsoft Azure Sponsorship","82375e17-0dda-4790-b6e8-c565d4f08e87","10/30/2024","0ddb5c81-143d-52f8-9ea3-29b64cc0ef97","Backup","All","US East","GRS Data Stored","2.548416","0.114168"
"Microsoft Azure Sponsorship","82375e17-0dda-4790-b6e8-c565d4f08e87","10/31/2024","0ddb5c81-143d-52f8-9ea3-29b64cc0ef97","Backup","All","US East","GRS Data Stored","1.274208","0.057084"
"Microsoft Azure Sponsorship","82375e17-0dda-4790-b6e8-c565d4f08e87","9/30/2024","9be71924-a8d1-40a5-a065-2ac0c5d69a07","Logic Apps","All","BR South","Consumption Built-in Actions","4","0.000128"
"Microsoft Azure Sponsorship","82375e17-0dda-4790-b6e8-c565d4f08e87","10/1/2024","9be71924-a8d1-40a5-a065-2ac0c5d69a07","Logic Apps","All","BR South","Consumption Built-in Actions","4","0.000128"
"Microsoft Azure Sponsorship","82375e17-0dda-4790-b6e8-c565d4f08e87","10/2/2024","9be71924-a8d1-40a5-a065-2ac0c5d69a07","Logic Apps","All","BR South","Consumption Built-in Actions","4","0.000128"
"Microsoft Azure Sponsorship","82375e17-0dda-4790-b6e8-c565d4f08e87","10/3/2024","9be71924-a8d1-40a5-a065-2ac0c5d69a07","Logic Apps","All","BR South","Consumption Built-in Actions","4","0.000128"
"Microsoft Azure Sponsorship","82375e17-0dda-4790-b6e8-c565d4f08e87","10/4/2024","9be71924-a8d1-40a5-a065-2ac0c5d69a07","Logic Apps","All","BR South","Consumption Built-in Actions","4","0.000128"
"Microsoft Azure Sponsorship","82375e17-0dda-4790-b6e8-c565d4f08e87","10/5/2024","9be71924-a8d1-40a5-a065-2ac0c5d69a07","Logic Apps","All","BR South","Consumption Built-in Actions","4","0.000128"
"Microsoft Azure Sponsorship","82375e17-0dda-4790-b6e8-c565d4f08e87","10/6/2024","9be71924-a8d1-40a5-a065-2ac0c5d69a07","Logic Apps","All","BR South","Consumption Built-in Actions","4","0.000128"
"Microsoft Azure Sponsorship","82375e17-0dda-4790-b6e8-c565d4f08e87","10/7/2024","9be71924-a8d1-40a5-a065-2ac0c5d69a07","Logic Apps","All","BR South","Consumption Built-in Actions","4","0.000128"
"Microsoft Azure Sponsorship","82375e17-0dda-4790-b6e8-c565d4f08e87","10/8/2024","9be71924-a8d1-40a5-a065-2ac0c5d69a07","Logic Apps","All","BR South","Consumption Built-in Actions","4","0.000128"
"Microsoft Azure Sponsorship","82375e17-0dda-4790-b6e8-c565d4f08e87","10/9/2024","9be71924-a8d1-40a5-a065-2ac0c5d69a07","Logic Apps","All","BR South","Consumption Built-in Actions","4","0.000128"
"Microsoft Azure Sponsorship","82375e17-0dda-4790-b6e8-c565d4f08e87","10/10/2024","9be71924-a8d1-40a5-a065-2ac0c5d69a07","Logic Apps","All","BR South","Consumption Built-in Actions","4","0.000128"
"Microsoft Azure Sponsorship","82375e17-0dda-4790-b6e8-c565d4f08e87","10/11/2024","9be71924-a8d1-40a5-a065-2ac0c5d69a07","Logic Apps","All","BR South","Consumption Built-in Actions","4","0.000128"
"Microsoft Azure Sponsorship","82375e17-0dda-4790-b6e8-c565d4f08e87","10/12/2024","9be71924-a8d1-40a5-a065-2ac0c5d69a07","Logic Apps","All","BR South","Consumption Built-in Actions","4","0.000128"
"Microsoft Azure Sponsorship","82375e17-0dda-4790-b6e8-c565d4f08e87","10/13/2024","9be71924-a8d1-40a5-a065-2ac0c5d69a07","Logic Apps","All","BR South","Consumption Built-in Actions","4","0.000128"
"Microsoft Azure Sponsorship","82375e17-0dda-4790-b6e8-c565d4f08e87","10/14/2024","9be71924-a8d1-40a5-a065-2ac0c5d69a07","Logic Apps","All","BR South","Consumption Built-in Actions","4","0.000128"
"Microsoft Azure Sponsorship","82375e17-0dda-4790-b6e8-c565d4f08e87","10/15/2024","9be71924-a8d1-40a5-a065-2ac0c5d69a07","Logic Apps","All","BR South","Consumption Built-in Actions","4","0.000128"
"Microsoft Azure Sponsorship","82375e17-0dda-4790-b6e8-c565d4f08e87","10/16/2024","9be71924-a8d1-40a5-a065-2ac0c5d69a07","Logic Apps","All","BR South","Consumption Built-in Actions","4","0.000128"
"Microsoft Azure Sponsorship","82375e17-0dda-4790-b6e8-c565d4f08e87","10/17/2024","9be71924-a8d1-40a5-a065-2ac0c5d69a07","Logic Apps","All","BR South","Consumption Built-in Actions","4","0.000128"
"Microsoft Azure Sponsorship","82375e17-0dda-4790-b6e8-c565d4f08e87","10/18/2024","9be71924-a8d1-40a5-a065-2ac0c5d69a07","Logic Apps","All","BR South","Consumption Built-in Actions","4","0.000128"
"Microsoft Azure Sponsorship","82375e17-0dda-4790-b6e8-c565d4f08e87","10/19/2024","9be71924-a8d1-40a5-a065-2ac0c5d69a07","Logic Apps","All","BR South","Consumption Built-in Actions","4","0.000128"
"Microsoft Azure Sponsorship","82375e17-0dda-4790-b6e8-c565d4f08e87","10/20/2024","9be71924-a8d1-40a5-a065-2ac0c5d69a07","Logic Apps","All","BR South","Consumption Built-in Actions","4","0.000128"
"Microsoft Azure Sponsorship","82375e17-0dda-4790-b6e8-c565d4f08e87","10/21/2024","9be71924-a8d1-40a5-a065-2ac0c5d69a07","Logic Apps","All","BR South","Consumption Built-in Actions","4","0.000128"
"Microsoft Azure Sponsorship","82375e17-0dda-4790-b6e8-c565d4f08e87","10/22/2024","9be71924-a8d1-40a5-a065-2ac0c5d69a07","Logic Apps","All","BR South","Consumption Built-in Actions","4","0.000128"
"Microsoft Azure Sponsorship","82375e17-0dda-4790-b6e8-c565d4f08e87","10/23/2024","9be71924-a8d1-40a5-a065-2ac0c5d69a07","Logic Apps","All","BR South","Consumption Built-in Actions","4","0.000128"
"Microsoft Azure Sponsorship","82375e17-0dda-4790-b6e8-c565d4f08e87","10/24/2024","9be71924-a8d1-40a5-a065-2ac0c5d69a07","Logic Apps","All","BR South","Consumption Built-in Actions","4","0.000128"
"Microsoft Azure Sponsorship","82375e17-0dda-4790-b6e8-c565d4f08e87","10/25/2024","9be71924-a8d1-40a5-a065-2ac0c5d69a07","Logic Apps","All","BR South","Consumption Built-in Actions","4","0.000128"
"Microsoft Azure Sponsorship","82375e17-0dda-4790-b6e8-c565d4f08e87","10/26/2024","9be71924-a8d1-40a5-a065-2ac0c5d69a07","Logic Apps","All","BR South","Consumption Built-in Actions","4","0.000128"
"Microsoft Azure Sponsorship","82375e17-0dda-4790-b6e8-c565d4f08e87","10/27/2024","9be71924-a8d1-40a5-a065-2ac0c5d69a07","Logic Apps","All","BR South","Consumption Built-in Actions","4","0.000128"
"Microsoft Azure Sponsorship","82375e17-0dda-4790-b6e8-c565d4f08e87","10/28/2024","9be71924-a8d1-40a5-a065-2ac0c5d69a07","Logic Apps","All","BR South","Consumption Built-in Actions","4","0.000128"
"Microsoft Azure Sponsorship","82375e17-0dda-4790-b6e8-c565d4f08e87","10/29/2024","9be71924-a8d1-40a5-a065-2ac0c5d69a07","Logic Apps","All","BR South","Consumption Built-in Actions","4","0.000128"
"Microsoft Azure Sponsorship","82375e17-0dda-4790-b6e8-c565d4f08e87","10/30/2024","9be71924-a8d1-40a5-a065-2ac0c5d69a07","Logic Apps","All","BR South","Consumption Built-in Actions","4","0.000128"
"Microsoft Azure Sponsorship","82375e17-0dda-4790-b6e8-c565d4f08e87","10/31/2024","9be71924-a8d1-40a5-a065-2ac0c5d69a07","Logic Apps","All","BR South","Consumption Built-in Actions","4","0.000128"
"Microsoft Azure Sponsorship","82375e17-0dda-4790-b6e8-c565d4f08e87","9/30/2024","c089a13a-9dd0-44b5-aa9e-44a77bbd6788","Bandwidth","All","BR South","Standard Data Transfer Out","9.556648","1.729754"
"Microsoft Azure Sponsorship","82375e17-0dda-4790-b6e8-c565d4f08e87","10/1/2024","c089a13a-9dd0-44b5-aa9e-44a77bbd6788","Bandwidth","All","BR South","Standard Data Transfer Out","8.059725","1.458810"
"Microsoft Azure Sponsorship","82375e17-0dda-4790-b6e8-c565d4f08e87","10/2/2024","c089a13a-9dd0-44b5-aa9e-44a77bbd6788","Bandwidth","All","BR South","Standard Data Transfer Out","5.238415","0.948154"
"Microsoft Azure Sponsorship","82375e17-0dda-4790-b6e8-c565d4f08e87","10/3/2024","c089a13a-9dd0-44b5-aa9e-44a77bbd6788","Bandwidth","All","BR South","Standard Data Transfer Out","5.643319","1.021442"
"Microsoft Azure Sponsorship","82375e17-0dda-4790-b6e8-c565d4f08e87","10/4/2024","c089a13a-9dd0-44b5-aa9e-44a77bbd6788","Bandwidth","All","BR South","Standard Data Transfer Out","5.454609","0.987284"
"Microsoft Azure Sponsorship","82375e17-0dda-4790-b6e8-c565d4f08e87","10/5/2024","c089a13a-9dd0-44b5-aa9e-44a77bbd6788","Bandwidth","All","BR South","Standard Data Transfer Out","6.818179","1.234091"
"Microsoft Azure Sponsorship","82375e17-0dda-4790-b6e8-c565d4f08e87","10/6/2024","c089a13a-9dd0-44b5-aa9e-44a77bbd6788","Bandwidth","All","BR South","Standard Data Transfer Out","5.147604","0.931716"
"Microsoft Azure Sponsorship","82375e17-0dda-4790-b6e8-c565d4f08e87","10/7/2024","c089a13a-9dd0-44b5-aa9e-44a77bbd6788","Bandwidth","All","BR South","Standard Data Transfer Out","5.233911","0.947338"
"Microsoft Azure Sponsorship","82375e17-0dda-4790-b6e8-c565d4f08e87","10/8/2024","c089a13a-9dd0-44b5-aa9e-44a77bbd6788","Bandwidth","All","BR South","Standard Data Transfer Out","5.471891","0.990412"
"Microsoft Azure Sponsorship","82375e17-0dda-4790-b6e8-c565d4f08e87","10/9/2024","c089a13a-9dd0-44b5-aa9e-44a77bbd6788","Bandwidth","All","BR South","Standard Data Transfer Out","5.78765","1.047566"
"Microsoft Azure Sponsorship","82375e17-0dda-4790-b6e8-c565d4f08e87","10/10/2024","c089a13a-9dd0-44b5-aa9e-44a77bbd6788","Bandwidth","All","BR South","Standard Data Transfer Out","5.68143","1.028337"
"Microsoft Azure Sponsorship","82375e17-0dda-4790-b6e8-c565d4f08e87","10/11/2024","c089a13a-9dd0-44b5-aa9e-44a77bbd6788","Bandwidth","All","BR South","Standard Data Transfer Out","6.068583","1.098413"
"Microsoft Azure Sponsorship","82375e17-0dda-4790-b6e8-c565d4f08e87","10/12/2024","c089a13a-9dd0-44b5-aa9e-44a77bbd6788","Bandwidth","All","BR South","Standard Data Transfer Out","5.554114","1.005293"
"Microsoft Azure Sponsorship","82375e17-0dda-4790-b6e8-c565d4f08e87","10/13/2024","c089a13a-9dd0-44b5-aa9e-44a77bbd6788","Bandwidth","All","BR South","Standard Data Transfer Out","5.650304","1.022705"
"Microsoft Azure Sponsorship","82375e17-0dda-4790-b6e8-c565d4f08e87","10/14/2024","c089a13a-9dd0-44b5-aa9e-44a77bbd6788","Bandwidth","All","BR South","Standard Data Transfer Out","6.6665","1.206637"
"Microsoft Azure Sponsorship","82375e17-0dda-4790-b6e8-c565d4f08e87","10/15/2024","c089a13a-9dd0-44b5-aa9e-44a77bbd6788","Bandwidth","All","BR South","Standard Data Transfer Out","6.635263","1.200985"
"Microsoft Azure Sponsorship","82375e17-0dda-4790-b6e8-c565d4f08e87","10/16/2024","c089a13a-9dd0-44b5-aa9e-44a77bbd6788","Bandwidth","All","BR South","Standard Data Transfer Out","6.300217","1.140339"
"Microsoft Azure Sponsorship","82375e17-0dda-4790-b6e8-c565d4f08e87","10/17/2024","c089a13a-9dd0-44b5-aa9e-44a77bbd6788","Bandwidth","All","BR South","Standard Data Transfer Out","6.206913","1.123451"
"Microsoft Azure Sponsorship","82375e17-0dda-4790-b6e8-c565d4f08e87","10/18/2024","c089a13a-9dd0-44b5-aa9e-44a77bbd6788","Bandwidth","All","BR South","Standard Data Transfer Out","5.797821","1.049405"
"Microsoft Azure Sponsorship","82375e17-0dda-4790-b6e8-c565d4f08e87","10/19/2024","c089a13a-9dd0-44b5-aa9e-44a77bbd6788","Bandwidth","All","BR South","Standard Data Transfer Out","7.005642","1.268022"
"Microsoft Azure Sponsorship","82375e17-0dda-4790-b6e8-c565d4f08e87","10/20/2024","c089a13a-9dd0-44b5-aa9e-44a77bbd6788","Bandwidth","All","BR South","Standard Data Transfer Out","6.432076","1.164205"
"Microsoft Azure Sponsorship","82375e17-0dda-4790-b6e8-c565d4f08e87","10/21/2024","c089a13a-9dd0-44b5-aa9e-44a77bbd6788","Bandwidth","All","BR South","Standard Data Transfer Out","6.264615","1.133894"
"Microsoft Azure Sponsorship","82375e17-0dda-4790-b6e8-c565d4f08e87","10/22/2024","c089a13a-9dd0-44b5-aa9e-44a77bbd6788","Bandwidth","All","BR South","Standard Data Transfer Out","5.917213","1.071016"
"Microsoft Azure Sponsorship","82375e17-0dda-4790-b6e8-c565d4f08e87","10/23/2024","c089a13a-9dd0-44b5-aa9e-44a77bbd6788","Bandwidth","All","BR South","Standard Data Transfer Out","5.379905","0.973762"
"Microsoft Azure Sponsorship","82375e17-0dda-4790-b6e8-c565d4f08e87","10/24/2024","c089a13a-9dd0-44b5-aa9e-44a77bbd6788","Bandwidth","All","BR South","Standard Data Transfer Out","6.106923","1.105354"
"Microsoft Azure Sponsorship","82375e17-0dda-4790-b6e8-c565d4f08e87","10/25/2024","c089a13a-9dd0-44b5-aa9e-44a77bbd6788","Bandwidth","All","BR South","Standard Data Transfer Out","6.290037","1.138497"
"Microsoft Azure Sponsorship","82375e17-0dda-4790-b6e8-c565d4f08e87","10/26/2024","c089a13a-9dd0-44b5-aa9e-44a77bbd6788","Bandwidth","All","BR South","Standard Data Transfer Out","6.572692","1.189658"
"Microsoft Azure Sponsorship","82375e17-0dda-4790-b6e8-c565d4f08e87","10/27/2024","c089a13a-9dd0-44b5-aa9e-44a77bbd6788","Bandwidth","All","BR South","Standard Data Transfer Out","6.539089","1.183575"
"Microsoft Azure Sponsorship","82375e17-0dda-4790-b6e8-c565d4f08e87","10/28/2024","c089a13a-9dd0-44b5-aa9e-44a77bbd6788","Bandwidth","All","BR South","Standard Data Transfer Out","6.064672","1.097706"
"Microsoft Azure Sponsorship","82375e17-0dda-4790-b6e8-c565d4f08e87","10/29/2024","c089a13a-9dd0-44b5-aa9e-44a77bbd6788","Bandwidth","All","BR South","Standard Data Transfer Out","5.443991","0.985364"
"Microsoft Azure Sponsorship","82375e17-0dda-4790-b6e8-c565d4f08e87","10/30/2024","c089a13a-9dd0-44b5-aa9e-44a77bbd6788","Bandwidth","All","BR South","Standard Data Transfer Out","5.562831","1.006871"
"Microsoft Azure Sponsorship","82375e17-0dda-4790-b6e8-c565d4f08e87","10/31/2024","c089a13a-9dd0-44b5-aa9e-44a77bbd6788","Bandwidth","All","BR South","Standard Data Transfer Out","1.957416","0.354292"
"Microsoft Azure Sponsorship","82375e17-0dda-4790-b6e8-c565d4f08e87","9/30/2024","ce957933-8287-4f8b-83ee-53a5cbe056d9","Storage","Standard SSD Managed Disks","All","E4 LRS Disk Operations","50.5689","0.101139"
"Microsoft Azure Sponsorship","82375e17-0dda-4790-b6e8-c565d4f08e87","10/1/2024","ce957933-8287-4f8b-83ee-53a5cbe056d9","Storage","Standard SSD Managed Disks","All","E4 LRS Disk Operations","21.7946","0.043589"
"Microsoft Azure Sponsorship","82375e17-0dda-4790-b6e8-c565d4f08e87","10/2/2024","ce957933-8287-4f8b-83ee-53a5cbe056d9","Storage","Standard SSD Managed Disks","All","E4 LRS Disk Operations","13.5112","0.027022"
"Microsoft Azure Sponsorship","82375e17-0dda-4790-b6e8-c565d4f08e87","10/3/2024","ce957933-8287-4f8b-83ee-53a5cbe056d9","Storage","Standard SSD Managed Disks","All","E4 LRS Disk Operations","13.9085","0.027818"
"Microsoft Azure Sponsorship","82375e17-0dda-4790-b6e8-c565d4f08e87","10/4/2024","ce957933-8287-4f8b-83ee-53a5cbe056d9","Storage","Standard SSD Managed Disks","All","E4 LRS Disk Operations","14.4179","0.028836"
"Microsoft Azure Sponsorship","82375e17-0dda-4790-b6e8-c565d4f08e87","10/5/2024","ce957933-8287-4f8b-83ee-53a5cbe056d9","Storage","Standard SSD Managed Disks","All","E4 LRS Disk Operations","8.2504","0.016502"
"Microsoft Azure Sponsorship","82375e17-0dda-4790-b6e8-c565d4f08e87","10/6/2024","ce957933-8287-4f8b-83ee-53a5cbe056d9","Storage","Standard SSD Managed Disks","All","E4 LRS Disk Operations","5.2953","0.010592"
"Microsoft Azure Sponsorship","82375e17-0dda-4790-b6e8-c565d4f08e87","10/7/2024","ce957933-8287-4f8b-83ee-53a5cbe056d9","Storage","Standard SSD Managed Disks","All","E4 LRS Disk Operations","13.2275","0.026457"
"Microsoft Azure Sponsorship","82375e17-0dda-4790-b6e8-c565d4f08e87","10/8/2024","ce957933-8287-4f8b-83ee-53a5cbe056d9","Storage","Standard SSD Managed Disks","All","E4 LRS Disk Operations","15.8794","0.031759"
"Microsoft Azure Sponsorship","82375e17-0dda-4790-b6e8-c565d4f08e87","10/9/2024","ce957933-8287-4f8b-83ee-53a5cbe056d9","Storage","Standard SSD Managed Disks","All","E4 LRS Disk Operations","4.8359","0.009673"
"Microsoft Azure Sponsorship","82375e17-0dda-4790-b6e8-c565d4f08e87","10/10/2024","ce957933-8287-4f8b-83ee-53a5cbe056d9","Storage","Standard SSD Managed Disks","All","E4 LRS Disk Operations","5.4675","0.010936"
"Microsoft Azure Sponsorship","82375e17-0dda-4790-b6e8-c565d4f08e87","10/11/2024","ce957933-8287-4f8b-83ee-53a5cbe056d9","Storage","Standard SSD Managed Disks","All","E4 LRS Disk Operations","5.8395","0.011678"
"Microsoft Azure Sponsorship","82375e17-0dda-4790-b6e8-c565d4f08e87","10/12/2024","ce957933-8287-4f8b-83ee-53a5cbe056d9","Storage","Standard SSD Managed Disks","All","E4 LRS Disk Operations","4.6745","0.009350"
"Microsoft Azure Sponsorship","82375e17-0dda-4790-b6e8-c565d4f08e87","10/13/2024","ce957933-8287-4f8b-83ee-53a5cbe056d9","Storage","Standard SSD Managed Disks","All","E4 LRS Disk Operations","4.7975","0.009597"
"Microsoft Azure Sponsorship","82375e17-0dda-4790-b6e8-c565d4f08e87","10/14/2024","ce957933-8287-4f8b-83ee-53a5cbe056d9","Storage","Standard SSD Managed Disks","All","E4 LRS Disk Operations","6.4563","0.012913"
"Microsoft Azure Sponsorship","82375e17-0dda-4790-b6e8-c565d4f08e87","10/15/2024","ce957933-8287-4f8b-83ee-53a5cbe056d9","Storage","Standard SSD Managed Disks","All","E4 LRS Disk Operations","11.031","0.022063"
"Microsoft Azure Sponsorship","82375e17-0dda-4790-b6e8-c565d4f08e87","10/16/2024","ce957933-8287-4f8b-83ee-53a5cbe056d9","Storage","Standard SSD Managed Disks","All","E4 LRS Disk Operations","10.202","0.020406"
"Microsoft Azure Sponsorship","82375e17-0dda-4790-b6e8-c565d4f08e87","10/17/2024","ce957933-8287-4f8b-83ee-53a5cbe056d9","Storage","Standard SSD Managed Disks","All","E4 LRS Disk Operations","6.1641","0.012327"
"Microsoft Azure Sponsorship","82375e17-0dda-4790-b6e8-c565d4f08e87","10/18/2024","ce957933-8287-4f8b-83ee-53a5cbe056d9","Storage","Standard SSD Managed Disks","All","E4 LRS Disk Operations","4.0726","0.008145"
"Microsoft Azure Sponsorship","82375e17-0dda-4790-b6e8-c565d4f08e87","10/19/2024","ce957933-8287-4f8b-83ee-53a5cbe056d9","Storage","Standard SSD Managed Disks","All","E4 LRS Disk Operations","4.7587","0.009517"
"Microsoft Azure Sponsorship","82375e17-0dda-4790-b6e8-c565d4f08e87","10/20/2024","ce957933-8287-4f8b-83ee-53a5cbe056d9","Storage","Standard SSD Managed Disks","All","E4 LRS Disk Operations","8.4509","0.016902"
"Microsoft Azure Sponsorship","82375e17-0dda-4790-b6e8-c565d4f08e87","10/21/2024","ce957933-8287-4f8b-83ee-53a5cbe056d9","Storage","Standard SSD Managed Disks","All","E4 LRS Disk Operations","7.4152","0.014832"
"Microsoft Azure Sponsorship","82375e17-0dda-4790-b6e8-c565d4f08e87","10/22/2024","ce957933-8287-4f8b-83ee-53a5cbe056d9","Storage","Standard SSD Managed Disks","All","E4 LRS Disk Operations","5.9379","0.011876"
"Microsoft Azure Sponsorship","82375e17-0dda-4790-b6e8-c565d4f08e87","10/23/2024","ce957933-8287-4f8b-83ee-53a5cbe056d9","Storage","Standard SSD Managed Disks","All","E4 LRS Disk Operations","3.988","0.007975"
"Microsoft Azure Sponsorship","82375e17-0dda-4790-b6e8-c565d4f08e87","10/24/2024","ce957933-8287-4f8b-83ee-53a5cbe056d9","Storage","Standard SSD Managed Disks","All","E4 LRS Disk Operations","3.7659","0.007532"
"Microsoft Azure Sponsorship","82375e17-0dda-4790-b6e8-c565d4f08e87","10/25/2024","ce957933-8287-4f8b-83ee-53a5cbe056d9","Storage","Standard SSD Managed Disks","All","E4 LRS Disk Operations","6.9766","0.013953"
"Microsoft Azure Sponsorship","82375e17-0dda-4790-b6e8-c565d4f08e87","10/26/2024","ce957933-8287-4f8b-83ee-53a5cbe056d9","Storage","Standard SSD Managed Disks","All","E4 LRS Disk Operations","4.8042","0.009610"
"Microsoft Azure Sponsorship","82375e17-0dda-4790-b6e8-c565d4f08e87","10/27/2024","ce957933-8287-4f8b-83ee-53a5cbe056d9","Storage","Standard SSD Managed Disks","All","E4 LRS Disk Operations","5.888","0.011775"
"Microsoft Azure Sponsorship","82375e17-0dda-4790-b6e8-c565d4f08e87","10/28/2024","ce957933-8287-4f8b-83ee-53a5cbe056d9","Storage","Standard SSD Managed Disks","All","E4 LRS Disk Operations","6.806","0.013610"
"Microsoft Azure Sponsorship","82375e17-0dda-4790-b6e8-c565d4f08e87","10/29/2024","ce957933-8287-4f8b-83ee-53a5cbe056d9","Storage","Standard SSD Managed Disks","All","E4 LRS Disk Operations","3.8396","0.007679"
"Microsoft Azure Sponsorship","82375e17-0dda-4790-b6e8-c565d4f08e87","10/30/2024","ce957933-8287-4f8b-83ee-53a5cbe056d9","Storage","Standard SSD Managed Disks","All","E4 LRS Disk Operations","3.3243","0.006647"
"Microsoft Azure Sponsorship","82375e17-0dda-4790-b6e8-c565d4f08e87","10/31/2024","ce957933-8287-4f8b-83ee-53a5cbe056d9","Storage","Standard SSD Managed Disks","All","E4 LRS Disk Operations","1.3379","0.002676"
"Microsoft Azure Sponsorship","82375e17-0dda-4790-b6e8-c565d4f08e87","9/30/2024","3b2bbe89-0295-459e-b5e9-7e43b90318da","Logic Apps","All","All","Consumption Data Retention","6E-06","0.000000"
"Microsoft Azure Sponsorship","82375e17-0dda-4790-b6e8-c565d4f08e87","10/1/2024","3b2bbe89-0295-459e-b5e9-7e43b90318da","Logic Apps","All","All","Consumption Data Retention","6E-06","0.000000"
"Microsoft Azure Sponsorship","82375e17-0dda-4790-b6e8-c565d4f08e87","10/2/2024","3b2bbe89-0295-459e-b5e9-7e43b90318da","Logic Apps","All","All","Consumption Data Retention","1.6E-05","0.000002"
"Microsoft Azure Sponsorship","82375e17-0dda-4790-b6e8-c565d4f08e87","10/3/2024","3b2bbe89-0295-459e-b5e9-7e43b90318da","Logic Apps","All","All","Consumption Data Retention","1.6E-05","0.000002"
"Microsoft Azure Sponsorship","82375e17-0dda-4790-b6e8-c565d4f08e87","10/4/2024","3b2bbe89-0295-459e-b5e9-7e43b90318da","Logic Apps","All","All","Consumption Data Retention","1.6E-05","0.000002"
"Microsoft Azure Sponsorship","82375e17-0dda-4790-b6e8-c565d4f08e87","10/5/2024","3b2bbe89-0295-459e-b5e9-7e43b90318da","Logic Apps","All","All","Consumption Data Retention","1.6E-05","0.000002"
"Microsoft Azure Sponsorship","82375e17-0dda-4790-b6e8-c565d4f08e87","10/6/2024","3b2bbe89-0295-459e-b5e9-7e43b90318da","Logic Apps","All","All","Consumption Data Retention","1.6E-05","0.000002"
"Microsoft Azure Sponsorship","82375e17-0dda-4790-b6e8-c565d4f08e87","10/7/2024","3b2bbe89-0295-459e-b5e9-7e43b90318da","Logic Apps","All","All","Consumption Data Retention","1.6E-05","0.000002"
"Microsoft Azure Sponsorship","82375e17-0dda-4790-b6e8-c565d4f08e87","10/8/2024","3b2bbe89-0295-459e-b5e9-7e43b90318da","Logic Apps","All","All","Consumption Data Retention","1.6E-05","0.000002"
"Microsoft Azure Sponsorship","82375e17-0dda-4790-b6e8-c565d4f08e87","10/9/2024","3b2bbe89-0295-459e-b5e9-7e43b90318da","Logic Apps","All","All","Consumption Data Retention","1.6E-05","0.000002"
"Microsoft Azure Sponsorship","82375e17-0dda-4790-b6e8-c565d4f08e87","10/10/2024","3b2bbe89-0295-459e-b5e9-7e43b90318da","Logic Apps","All","All","Consumption Data Retention","1.6E-05","0.000002"
"Microsoft Azure Sponsorship","82375e17-0dda-4790-b6e8-c565d4f08e87","10/11/2024","3b2bbe89-0295-459e-b5e9-7e43b90318da","Logic Apps","All","All","Consumption Data Retention","1.6E-05","0.000002"
"Microsoft Azure Sponsorship","82375e17-0dda-4790-b6e8-c565d4f08e87","10/12/2024","3b2bbe89-0295-459e-b5e9-7e43b90318da","Logic Apps","All","All","Consumption Data Retention","1.6E-05","0.000002"
"Microsoft Azure Sponsorship","82375e17-0dda-4790-b6e8-c565d4f08e87","10/13/2024","3b2bbe89-0295-459e-b5e9-7e43b90318da","Logic Apps","All","All","Consumption Data Retention","1.6E-05","0.000002"
"Microsoft Azure Sponsorship","82375e17-0dda-4790-b6e8-c565d4f08e87","10/14/2024","3b2bbe89-0295-459e-b5e9-7e43b90318da","Logic Apps","All","All","Consumption Data Retention","1.6E-05","0.000002"
"Microsoft Azure Sponsorship","82375e17-0dda-4790-b6e8-c565d4f08e87","10/15/2024","3b2bbe89-0295-459e-b5e9-7e43b90318da","Logic Apps","All","All","Consumption Data Retention","1.6E-05","0.000002"
"Microsoft Azure Sponsorship","82375e17-0dda-4790-b6e8-c565d4f08e87","10/16/2024","3b2bbe89-0295-459e-b5e9-7e43b90318da","Logic Apps","All","All","Consumption Data Retention","1.6E-05","0.000002"
"Microsoft Azure Sponsorship","82375e17-0dda-4790-b6e8-c565d4f08e87","10/17/2024","3b2bbe89-0295-459e-b5e9-7e43b90318da","Logic Apps","All","All","Consumption Data Retention","1.6E-05","0.000002"
"Microsoft Azure Sponsorship","82375e17-0dda-4790-b6e8-c565d4f08e87","10/18/2024","3b2bbe89-0295-459e-b5e9-7e43b90318da","Logic Apps","All","All","Consumption Data Retention","1.6E-05","0.000002"
"Microsoft Azure Sponsorship","82375e17-0dda-4790-b6e8-c565d4f08e87","10/19/2024","3b2bbe89-0295-459e-b5e9-7e43b90318da","Logic Apps","All","All","Consumption Data Retention","1.6E-05","0.000002"
"Microsoft Azure Sponsorship","82375e17-0dda-4790-b6e8-c565d4f08e87","10/20/2024","3b2bbe89-0295-459e-b5e9-7e43b90318da","Logic Apps","All","All","Consumption Data Retention","1.6E-05","0.000002"
"Microsoft Azure Sponsorship","82375e17-0dda-4790-b6e8-c565d4f08e87","10/21/2024","3b2bbe89-0295-459e-b5e9-7e43b90318da","Logic Apps","All","All","Consumption Data Retention","1.6E-05","0.000002"
"Microsoft Azure Sponsorship","82375e17-0dda-4790-b6e8-c565d4f08e87","10/22/2024","3b2bbe89-0295-459e-b5e9-7e43b90318da","Logic Apps","All","All","Consumption Data Retention","1.6E-05","0.000002"
"Microsoft Azure Sponsorship","82375e17-0dda-4790-b6e8-c565d4f08e87","10/23/2024","3b2bbe89-0295-459e-b5e9-7e43b90318da","Logic Apps","All","All","Consumption Data Retention","1.6E-05","0.000002"
"Microsoft Azure Sponsorship","82375e17-0dda-4790-b6e8-c565d4f08e87","10/24/2024","3b2bbe89-0295-459e-b5e9-7e43b90318da","Logic Apps","All","All","Consumption Data Retention","1.6E-05","0.000002"
"Microsoft Azure Sponsorship","82375e17-0dda-4790-b6e8-c565d4f08e87","10/25/2024","3b2bbe89-0295-459e-b5e9-7e43b90318da","Logic Apps","All","All","Consumption Data Retention","1.6E-05","0.000002"
"Microsoft Azure Sponsorship","82375e17-0dda-4790-b6e8-c565d4f08e87","10/26/2024","3b2bbe89-0295-459e-b5e9-7e43b90318da","Logic Apps","All","All","Consumption Data Retention","1.6E-05","0.000002"
"Microsoft Azure Sponsorship","82375e17-0dda-4790-b6e8-c565d4f08e87","10/27/2024","3b2bbe89-0295-459e-b5e9-7e43b90318da","Logic Apps","All","All","Consumption Data Retention","1.6E-05","0.000002"
"Microsoft Azure Sponsorship","82375e17-0dda-4790-b6e8-c565d4f08e87","10/28/2024","3b2bbe89-0295-459e-b5e9-7e43b90318da","Logic Apps","All","All","Consumption Data Retention","1.6E-05","0.000002"
"Microsoft Azure Sponsorship","82375e17-0dda-4790-b6e8-c565d4f08e87","10/29/2024","3b2bbe89-0295-459e-b5e9-7e43b90318da","Logic Apps","All","All","Consumption Data Retention","1.6E-05","0.000002"
"Microsoft Azure Sponsorship","82375e17-0dda-4790-b6e8-c565d4f08e87","10/30/2024","3b2bbe89-0295-459e-b5e9-7e43b90318da","Logic Apps","All","All","Consumption Data Retention","1.6E-05","0.000002"
"Microsoft Azure Sponsorship","82375e17-0dda-4790-b6e8-c565d4f08e87","10/31/2024","3b2bbe89-0295-459e-b5e9-7e43b90318da","Logic Apps","All","All","Consumption Data Retention","1.6E-05","0.000002"
"Microsoft Azure Sponsorship","82375e17-0dda-4790-b6e8-c565d4f08e87","9/30/2024","fec1d8d1-cc81-4d54-a391-83e228df4928","Storage","Premium SSD Managed Disks","BR South","P4 LRS Disk","0.033336","0.304056"
"Microsoft Azure Sponsorship","82375e17-0dda-4790-b6e8-c565d4f08e87","10/1/2024","fec1d8d1-cc81-4d54-a391-83e228df4928","Storage","Premium SSD Managed Disks","BR South","P4 LRS Disk","0.032256","0.294192"
"Microsoft Azure Sponsorship","82375e17-0dda-4790-b6e8-c565d4f08e87","10/2/2024","fec1d8d1-cc81-4d54-a391-83e228df4928","Storage","Premium SSD Managed Disks","BR South","P4 LRS Disk","0.032256","0.294192"
"Microsoft Azure Sponsorship","82375e17-0dda-4790-b6e8-c565d4f08e87","10/3/2024","fec1d8d1-cc81-4d54-a391-83e228df4928","Storage","Premium SSD Managed Disks","BR South","P4 LRS Disk","0.032256","0.294192"
"Microsoft Azure Sponsorship","82375e17-0dda-4790-b6e8-c565d4f08e87","10/4/2024","fec1d8d1-cc81-4d54-a391-83e228df4928","Storage","Premium SSD Managed Disks","BR South","P4 LRS Disk","0.032256","0.294192"
"Microsoft Azure Sponsorship","82375e17-0dda-4790-b6e8-c565d4f08e87","10/5/2024","fec1d8d1-cc81-4d54-a391-83e228df4928","Storage","Premium SSD Managed Disks","BR South","P4 LRS Disk","0.032256","0.294192"
"Microsoft Azure Sponsorship","82375e17-0dda-4790-b6e8-c565d4f08e87","10/6/2024","fec1d8d1-cc81-4d54-a391-83e228df4928","Storage","Premium SSD Managed Disks","BR South","P4 LRS Disk","0.032256","0.294192"
"Microsoft Azure Sponsorship","82375e17-0dda-4790-b6e8-c565d4f08e87","10/7/2024","fec1d8d1-cc81-4d54-a391-83e228df4928","Storage","Premium SSD Managed Disks","BR South","P4 LRS Disk","0.032256","0.294192"
"Microsoft Azure Sponsorship","82375e17-0dda-4790-b6e8-c565d4f08e87","10/8/2024","fec1d8d1-cc81-4d54-a391-83e228df4928","Storage","Premium SSD Managed Disks","BR South","P4 LRS Disk","0.032256","0.294192"
"Microsoft Azure Sponsorship","82375e17-0dda-4790-b6e8-c565d4f08e87","10/9/2024","fec1d8d1-cc81-4d54-a391-83e228df4928","Storage","Premium SSD Managed Disks","BR South","P4 LRS Disk","0.032256","0.294192"
"Microsoft Azure Sponsorship","82375e17-0dda-4790-b6e8-c565d4f08e87","10/10/2024","fec1d8d1-cc81-4d54-a391-83e228df4928","Storage","Premium SSD Managed Disks","BR South","P4 LRS Disk","0.032256","0.294192"
"Microsoft Azure Sponsorship","82375e17-0dda-4790-b6e8-c565d4f08e87","10/11/2024","fec1d8d1-cc81-4d54-a391-83e228df4928","Storage","Premium SSD Managed Disks","BR South","P4 LRS Disk","0.032256","0.294192"
"Microsoft Azure Sponsorship","82375e17-0dda-4790-b6e8-c565d4f08e87","10/12/2024","fec1d8d1-cc81-4d54-a391-83e228df4928","Storage","Premium SSD Managed Disks","BR South","P4 LRS Disk","0.032256","0.294192"
"Microsoft Azure Sponsorship","82375e17-0dda-4790-b6e8-c565d4f08e87","10/13/2024","fec1d8d1-cc81-4d54-a391-83e228df4928","Storage","Premium SSD Managed Disks","BR South","P4 LRS Disk","0.032256","0.294192"
"Microsoft Azure Sponsorship","82375e17-0dda-4790-b6e8-c565d4f08e87","10/14/2024","fec1d8d1-cc81-4d54-a391-83e228df4928","Storage","Premium SSD Managed Disks","BR South","P4 LRS Disk","0.032256","0.294192"
"Microsoft Azure Sponsorship","82375e17-0dda-4790-b6e8-c565d4f08e87","10/15/2024","fec1d8d1-cc81-4d54-a391-83e228df4928","Storage","Premium SSD Managed Disks","BR South","P4 LRS Disk","0.032256","0.294192"
"Microsoft Azure Sponsorship","82375e17-0dda-4790-b6e8-c565d4f08e87","10/16/2024","fec1d8d1-cc81-4d54-a391-83e228df4928","Storage","Premium SSD Managed Disks","BR South","P4 LRS Disk","0.032256","0.294192"
"Microsoft Azure Sponsorship","82375e17-0dda-4790-b6e8-c565d4f08e87","10/17/2024","fec1d8d1-cc81-4d54-a391-83e228df4928","Storage","Premium SSD Managed Disks","BR South","P4 LRS Disk","0.032256","0.294192"
"Microsoft Azure Sponsorship","82375e17-0dda-4790-b6e8-c565d4f08e87","10/18/2024","fec1d8d1-cc81-4d54-a391-83e228df4928","Storage","Premium SSD Managed Disks","BR South","P4 LRS Disk","0.032256","0.294192"
"Microsoft Azure Sponsorship","82375e17-0dda-4790-b6e8-c565d4f08e87","10/19/2024","fec1d8d1-cc81-4d54-a391-83e228df4928","Storage","Premium SSD Managed Disks","BR South","P4 LRS Disk","0.032256","0.294192"
"Microsoft Azure Sponsorship","82375e17-0dda-4790-b6e8-c565d4f08e87","10/20/2024","fec1d8d1-cc81-4d54-a391-83e228df4928","Storage","Premium SSD Managed Disks","BR South","P4 LRS Disk","0.032256","0.294192"
"Microsoft Azure Sponsorship","82375e17-0dda-4790-b6e8-c565d4f08e87","10/21/2024","fec1d8d1-cc81-4d54-a391-83e228df4928","Storage","Premium SSD Managed Disks","BR South","P4 LRS Disk","0.032256","0.294192"
"Microsoft Azure Sponsorship","82375e17-0dda-4790-b6e8-c565d4f08e87","10/22/2024","fec1d8d1-cc81-4d54-a391-83e228df4928","Storage","Premium SSD Managed Disks","BR South","P4 LRS Disk","0.032256","0.294192"
"Microsoft Azure Sponsorship","82375e17-0dda-4790-b6e8-c565d4f08e87","10/23/2024","fec1d8d1-cc81-4d54-a391-83e228df4928","Storage","Premium SSD Managed Disks","BR South","P4 LRS Disk","0.032256","0.294192"
"Microsoft Azure Sponsorship","82375e17-0dda-4790-b6e8-c565d4f08e87","10/24/2024","fec1d8d1-cc81-4d54-a391-83e228df4928","Storage","Premium SSD Managed Disks","BR South","P4 LRS Disk","0.032256","0.294192"
"Microsoft Azure Sponsorship","82375e17-0dda-4790-b6e8-c565d4f08e87","10/25/2024","fec1d8d1-cc81-4d54-a391-83e228df4928","Storage","Premium SSD Managed Disks","BR South","P4 LRS Disk","0.032256","0.294192"
"Microsoft Azure Sponsorship","82375e17-0dda-4790-b6e8-c565d4f08e87","10/26/2024","fec1d8d1-cc81-4d54-a391-83e228df4928","Storage","Premium SSD Managed Disks","BR South","P4 LRS Disk","0.032256","0.294192"
"Microsoft Azure Sponsorship","82375e17-0dda-4790-b6e8-c565d4f08e87","10/27/2024","fec1d8d1-cc81-4d54-a391-83e228df4928","Storage","Premium SSD Managed Disks","BR South","P4 LRS Disk","0.032256","0.294192"
"Microsoft Azure Sponsorship","82375e17-0dda-4790-b6e8-c565d4f08e87","10/28/2024","fec1d8d1-cc81-4d54-a391-83e228df4928","Storage","Premium SSD Managed Disks","BR South","P4 LRS Disk","0.032256","0.294192"
"Microsoft Azure Sponsorship","82375e17-0dda-4790-b6e8-c565d4f08e87","10/29/2024","fec1d8d1-cc81-4d54-a391-83e228df4928","Storage","Premium SSD Managed Disks","BR South","P4 LRS Disk","0.032256","0.294192"
"Microsoft Azure Sponsorship","82375e17-0dda-4790-b6e8-c565d4f08e87","10/30/2024","fec1d8d1-cc81-4d54-a391-83e228df4928","Storage","Premium SSD Managed Disks","BR South","P4 LRS Disk","0.032256","0.294192"
"Microsoft Azure Sponsorship","82375e17-0dda-4790-b6e8-c565d4f08e87","10/31/2024","fec1d8d1-cc81-4d54-a391-83e228df4928","Storage","Premium SSD Managed Disks","BR South","P4 LRS Disk","0.018816","0.171612"
"Microsoft Azure Sponsorship","82375e17-0dda-4790-b6e8-c565d4f08e87","9/30/2024","2f718765-8dfc-40cf-a636-b2d7d169d7d2","Logic Apps","All","BR South","Consumption Standard Connector Actions","2","0.000270"
"Microsoft Azure Sponsorship","82375e17-0dda-4790-b6e8-c565d4f08e87","10/1/2024","2f718765-8dfc-40cf-a636-b2d7d169d7d2","Logic Apps","All","BR South","Consumption Standard Connector Actions","2","0.000270"
"Microsoft Azure Sponsorship","82375e17-0dda-4790-b6e8-c565d4f08e87","10/2/2024","2f718765-8dfc-40cf-a636-b2d7d169d7d2","Logic Apps","All","BR South","Consumption Standard Connector Actions","4","0.000540"
"Microsoft Azure Sponsorship","82375e17-0dda-4790-b6e8-c565d4f08e87","10/3/2024","2f718765-8dfc-40cf-a636-b2d7d169d7d2","Logic Apps","All","BR South","Consumption Standard Connector Actions","4","0.000540"
"Microsoft Azure Sponsorship","82375e17-0dda-4790-b6e8-c565d4f08e87","10/4/2024","2f718765-8dfc-40cf-a636-b2d7d169d7d2","Logic Apps","All","BR South","Consumption Standard Connector Actions","4","0.000540"
"Microsoft Azure Sponsorship","82375e17-0dda-4790-b6e8-c565d4f08e87","10/5/2024","2f718765-8dfc-40cf-a636-b2d7d169d7d2","Logic Apps","All","BR South","Consumption Standard Connector Actions","4","0.000540"
"Microsoft Azure Sponsorship","82375e17-0dda-4790-b6e8-c565d4f08e87","10/6/2024","2f718765-8dfc-40cf-a636-b2d7d169d7d2","Logic Apps","All","BR South","Consumption Standard Connector Actions","4","0.000540"
"Microsoft Azure Sponsorship","82375e17-0dda-4790-b6e8-c565d4f08e87","10/7/2024","2f718765-8dfc-40cf-a636-b2d7d169d7d2","Logic Apps","All","BR South","Consumption Standard Connector Actions","4","0.000540"
"Microsoft Azure Sponsorship","82375e17-0dda-4790-b6e8-c565d4f08e87","10/8/2024","2f718765-8dfc-40cf-a636-b2d7d169d7d2","Logic Apps","All","BR South","Consumption Standard Connector Actions","4","0.000540"
"Microsoft Azure Sponsorship","82375e17-0dda-4790-b6e8-c565d4f08e87","10/9/2024","2f718765-8dfc-40cf-a636-b2d7d169d7d2","Logic Apps","All","BR South","Consumption Standard Connector Actions","4","0.000540"
"Microsoft Azure Sponsorship","82375e17-0dda-4790-b6e8-c565d4f08e87","10/10/2024","2f718765-8dfc-40cf-a636-b2d7d169d7d2","Logic Apps","All","BR South","Consumption Standard Connector Actions","4","0.000540"
"Microsoft Azure Sponsorship","82375e17-0dda-4790-b6e8-c565d4f08e87","10/11/2024","2f718765-8dfc-40cf-a636-b2d7d169d7d2","Logic Apps","All","BR South","Consumption Standard Connector Actions","4","0.000540"
"Microsoft Azure Sponsorship","82375e17-0dda-4790-b6e8-c565d4f08e87","10/12/2024","2f718765-8dfc-40cf-a636-b2d7d169d7d2","Logic Apps","All","BR South","Consumption Standard Connector Actions","4","0.000540"
"Microsoft Azure Sponsorship","82375e17-0dda-4790-b6e8-c565d4f08e87","10/13/2024","2f718765-8dfc-40cf-a636-b2d7d169d7d2","Logic Apps","All","BR South","Consumption Standard Connector Actions","4","0.000540"
"Microsoft Azure Sponsorship","82375e17-0dda-4790-b6e8-c565d4f08e87","10/14/2024","2f718765-8dfc-40cf-a636-b2d7d169d7d2","Logic Apps","All","BR South","Consumption Standard Connector Actions","4","0.000540"
"Microsoft Azure Sponsorship","82375e17-0dda-4790-b6e8-c565d4f08e87","10/15/2024","2f718765-8dfc-40cf-a636-b2d7d169d7d2","Logic Apps","All","BR South","Consumption Standard Connector Actions","4","0.000540"
"Microsoft Azure Sponsorship","82375e17-0dda-4790-b6e8-c565d4f08e87","10/16/2024","2f718765-8dfc-40cf-a636-b2d7d169d7d2","Logic Apps","All","BR South","Consumption Standard Connector Actions","4","0.000540"
"Microsoft Azure Sponsorship","82375e17-0dda-4790-b6e8-c565d4f08e87","10/17/2024","2f718765-8dfc-40cf-a636-b2d7d169d7d2","Logic Apps","All","BR South","Consumption Standard Connector Actions","4","0.000540"
"Microsoft Azure Sponsorship","82375e17-0dda-4790-b6e8-c565d4f08e87","10/18/2024","2f718765-8dfc-40cf-a636-b2d7d169d7d2","Logic Apps","All","BR South","Consumption Standard Connector Actions","4","0.000540"
"Microsoft Azure Sponsorship","82375e17-0dda-4790-b6e8-c565d4f08e87","10/19/2024","2f718765-8dfc-40cf-a636-b2d7d169d7d2","Logic Apps","All","BR South","Consumption Standard Connector Actions","4","0.000540"
"Microsoft Azure Sponsorship","82375e17-0dda-4790-b6e8-c565d4f08e87","10/20/2024","2f718765-8dfc-40cf-a636-b2d7d169d7d2","Logic Apps","All","BR South","Consumption Standard Connector Actions","4","0.000540"
"Microsoft Azure Sponsorship","82375e17-0dda-4790-b6e8-c565d4f08e87","10/21/2024","2f718765-8dfc-40cf-a636-b2d7d169d7d2","Logic Apps","All","BR South","Consumption Standard Connector Actions","4","0.000540"
"Microsoft Azure Sponsorship","82375e17-0dda-4790-b6e8-c565d4f08e87","10/22/2024","2f718765-8dfc-40cf-a636-b2d7d169d7d2","Logic Apps","All","BR South","Consumption Standard Connector Actions","4","0.000540"
"Microsoft Azure Sponsorship","82375e17-0dda-4790-b6e8-c565d4f08e87","10/23/2024","2f718765-8dfc-40cf-a636-b2d7d169d7d2","Logic Apps","All","BR South","Consumption Standard Connector Actions","4","0.000540"
"Microsoft Azure Sponsorship","82375e17-0dda-4790-b6e8-c565d4f08e87","10/24/2024","2f718765-8dfc-40cf-a636-b2d7d169d7d2","Logic Apps","All","BR South","Consumption Standard Connector Actions","4","0.000540"
"Microsoft Azure Sponsorship","82375e17-0dda-4790-b6e8-c565d4f08e87","10/25/2024","2f718765-8dfc-40cf-a636-b2d7d169d7d2","Logic Apps","All","BR South","Consumption Standard Connector Actions","4","0.000540"
"Microsoft Azure Sponsorship","82375e17-0dda-4790-b6e8-c565d4f08e87","10/26/2024","2f718765-8dfc-40cf-a636-b2d7d169d7d2","Logic Apps","All","BR South","Consumption Standard Connector Actions","4","0.000540"
"Microsoft Azure Sponsorship","82375e17-0dda-4790-b6e8-c565d4f08e87","10/27/2024","2f718765-8dfc-40cf-a636-b2d7d169d7d2","Logic Apps","All","BR South","Consumption Standard Connector Actions","4","0.000540"
"Microsoft Azure Sponsorship","82375e17-0dda-4790-b6e8-c565d4f08e87","10/28/2024","2f718765-8dfc-40cf-a636-b2d7d169d7d2","Logic Apps","All","BR South","Consumption Standard Connector Actions","4","0.000540"
"Microsoft Azure Sponsorship","82375e17-0dda-4790-b6e8-c565d4f08e87","10/29/2024","2f718765-8dfc-40cf-a636-b2d7d169d7d2","Logic Apps","All","BR South","Consumption Standard Connector Actions","4","0.000540"
"Microsoft Azure Sponsorship","82375e17-0dda-4790-b6e8-c565d4f08e87","10/30/2024","2f718765-8dfc-40cf-a636-b2d7d169d7d2","Logic Apps","All","BR South","Consumption Standard Connector Actions","4","0.000540"
"Microsoft Azure Sponsorship","82375e17-0dda-4790-b6e8-c565d4f08e87","10/31/2024","2f718765-8dfc-40cf-a636-b2d7d169d7d2","Logic Apps","All","BR South","Consumption Standard Connector Actions","4","0.000540"
"Microsoft Azure Sponsorship","82375e17-0dda-4790-b6e8-c565d4f08e87","9/30/2024","17b3fc96-9141-4e25-88f2-b8953f3ca784","Virtual Machines","Dv3/DSv3 Series","BR South","D2 v3/D2s v3","24","3.816000"
"Microsoft Azure Sponsorship","82375e17-0dda-4790-b6e8-c565d4f08e87","10/1/2024","17b3fc96-9141-4e25-88f2-b8953f3ca784","Virtual Machines","Dv3/DSv3 Series","BR South","D2 v3/D2s v3","24","3.816000"
"Microsoft Azure Sponsorship","82375e17-0dda-4790-b6e8-c565d4f08e87","10/2/2024","17b3fc96-9141-4e25-88f2-b8953f3ca784","Virtual Machines","Dv3/DSv3 Series","BR South","D2 v3/D2s v3","24","3.816000"
"Microsoft Azure Sponsorship","82375e17-0dda-4790-b6e8-c565d4f08e87","10/3/2024","17b3fc96-9141-4e25-88f2-b8953f3ca784","Virtual Machines","Dv3/DSv3 Series","BR South","D2 v3/D2s v3","23","3.657000"
"Microsoft Azure Sponsorship","82375e17-0dda-4790-b6e8-c565d4f08e87","10/4/2024","17b3fc96-9141-4e25-88f2-b8953f3ca784","Virtual Machines","Dv3/DSv3 Series","BR South","D2 v3/D2s v3","23.983353","3.813353"
"Microsoft Azure Sponsorship","82375e17-0dda-4790-b6e8-c565d4f08e87","10/5/2024","17b3fc96-9141-4e25-88f2-b8953f3ca784","Virtual Machines","Dv3/DSv3 Series","BR South","D2 v3/D2s v3","24","3.816000"
"Microsoft Azure Sponsorship","82375e17-0dda-4790-b6e8-c565d4f08e87","10/6/2024","17b3fc96-9141-4e25-88f2-b8953f3ca784","Virtual Machines","Dv3/DSv3 Series","BR South","D2 v3/D2s v3","24","3.816000"
"Microsoft Azure Sponsorship","82375e17-0dda-4790-b6e8-c565d4f08e87","10/7/2024","17b3fc96-9141-4e25-88f2-b8953f3ca784","Virtual Machines","Dv3/DSv3 Series","BR South","D2 v3/D2s v3","24","3.816000"
"Microsoft Azure Sponsorship","82375e17-0dda-4790-b6e8-c565d4f08e87","10/8/2024","17b3fc96-9141-4e25-88f2-b8953f3ca784","Virtual Machines","Dv3/DSv3 Series","BR South","D2 v3/D2s v3","24","3.816000"
"Microsoft Azure Sponsorship","82375e17-0dda-4790-b6e8-c565d4f08e87","10/9/2024","17b3fc96-9141-4e25-88f2-b8953f3ca784","Virtual Machines","Dv3/DSv3 Series","BR South","D2 v3/D2s v3","24","3.816000"
"Microsoft Azure Sponsorship","82375e17-0dda-4790-b6e8-c565d4f08e87","10/10/2024","17b3fc96-9141-4e25-88f2-b8953f3ca784","Virtual Machines","Dv3/DSv3 Series","BR South","D2 v3/D2s v3","24","3.816000"
"Microsoft Azure Sponsorship","82375e17-0dda-4790-b6e8-c565d4f08e87","10/11/2024","17b3fc96-9141-4e25-88f2-b8953f3ca784","Virtual Machines","Dv3/DSv3 Series","BR South","D2 v3/D2s v3","24","3.816000"
"Microsoft Azure Sponsorship","82375e17-0dda-4790-b6e8-c565d4f08e87","10/12/2024","17b3fc96-9141-4e25-88f2-b8953f3ca784","Virtual Machines","Dv3/DSv3 Series","BR South","D2 v3/D2s v3","24","3.816000"
"Microsoft Azure Sponsorship","82375e17-0dda-4790-b6e8-c565d4f08e87","10/13/2024","17b3fc96-9141-4e25-88f2-b8953f3ca784","Virtual Machines","Dv3/DSv3 Series","BR South","D2 v3/D2s v3","24","3.816000"
"Microsoft Azure Sponsorship","82375e17-0dda-4790-b6e8-c565d4f08e87","10/14/2024","17b3fc96-9141-4e25-88f2-b8953f3ca784","Virtual Machines","Dv3/DSv3 Series","BR South","D2 v3/D2s v3","24","3.816000"
"Microsoft Azure Sponsorship","82375e17-0dda-4790-b6e8-c565d4f08e87","10/15/2024","17b3fc96-9141-4e25-88f2-b8953f3ca784","Virtual Machines","Dv3/DSv3 Series","BR South","D2 v3/D2s v3","24","3.816000"
"Microsoft Azure Sponsorship","82375e17-0dda-4790-b6e8-c565d4f08e87","10/16/2024","17b3fc96-9141-4e25-88f2-b8953f3ca784","Virtual Machines","Dv3/DSv3 Series","BR South","D2 v3/D2s v3","24","3.816000"
"Microsoft Azure Sponsorship","82375e17-0dda-4790-b6e8-c565d4f08e87","10/17/2024","17b3fc96-9141-4e25-88f2-b8953f3ca784","Virtual Machines","Dv3/DSv3 Series","BR South","D2 v3/D2s v3","24","3.816000"
"Microsoft Azure Sponsorship","82375e17-0dda-4790-b6e8-c565d4f08e87","10/18/2024","17b3fc96-9141-4e25-88f2-b8953f3ca784","Virtual Machines","Dv3/DSv3 Series","BR South","D2 v3/D2s v3","24","3.816000"
"Microsoft Azure Sponsorship","82375e17-0dda-4790-b6e8-c565d4f08e87","10/19/2024","17b3fc96-9141-4e25-88f2-b8953f3ca784","Virtual Machines","Dv3/DSv3 Series","BR South","D2 v3/D2s v3","24","3.816000"
"Microsoft Azure Sponsorship","82375e17-0dda-4790-b6e8-c565d4f08e87","10/20/2024","17b3fc96-9141-4e25-88f2-b8953f3ca784","Virtual Machines","Dv3/DSv3 Series","BR South","D2 v3/D2s v3","24","3.816000"
"Microsoft Azure Sponsorship","82375e17-0dda-4790-b6e8-c565d4f08e87","10/21/2024","17b3fc96-9141-4e25-88f2-b8953f3ca784","Virtual Machines","Dv3/DSv3 Series","BR South","D2 v3/D2s v3","24","3.816000"
"Microsoft Azure Sponsorship","82375e17-0dda-4790-b6e8-c565d4f08e87","10/22/2024","17b3fc96-9141-4e25-88f2-b8953f3ca784","Virtual Machines","Dv3/DSv3 Series","BR South","D2 v3/D2s v3","24","3.816000"
"Microsoft Azure Sponsorship","82375e17-0dda-4790-b6e8-c565d4f08e87","10/23/2024","17b3fc96-9141-4e25-88f2-b8953f3ca784","Virtual Machines","Dv3/DSv3 Series","BR South","D2 v3/D2s v3","24","3.816000"
"Microsoft Azure Sponsorship","82375e17-0dda-4790-b6e8-c565d4f08e87","10/24/2024","17b3fc96-9141-4e25-88f2-b8953f3ca784","Virtual Machines","Dv3/DSv3 Series","BR South","D2 v3/D2s v3","24","3.816000"
"Microsoft Azure Sponsorship","82375e17-0dda-4790-b6e8-c565d4f08e87","10/25/2024","17b3fc96-9141-4e25-88f2-b8953f3ca784","Virtual Machines","Dv3/DSv3 Series","BR South","D2 v3/D2s v3","24","3.816000"
"Microsoft Azure Sponsorship","82375e17-0dda-4790-b6e8-c565d4f08e87","10/26/2024","17b3fc96-9141-4e25-88f2-b8953f3ca784","Virtual Machines","Dv3/DSv3 Series","BR South","D2 v3/D2s v3","24","3.816000"
"Microsoft Azure Sponsorship","82375e17-0dda-4790-b6e8-c565d4f08e87","10/27/2024","17b3fc96-9141-4e25-88f2-b8953f3ca784","Virtual Machines","Dv3/DSv3 Series","BR South","D2 v3/D2s v3","24","3.816000"
"Microsoft Azure Sponsorship","82375e17-0dda-4790-b6e8-c565d4f08e87","10/28/2024","17b3fc96-9141-4e25-88f2-b8953f3ca784","Virtual Machines","Dv3/DSv3 Series","BR South","D2 v3/D2s v3","24","3.816000"
"Microsoft Azure Sponsorship","82375e17-0dda-4790-b6e8-c565d4f08e87","10/29/2024","17b3fc96-9141-4e25-88f2-b8953f3ca784","Virtual Machines","Dv3/DSv3 Series","BR South","D2 v3/D2s v3","24","3.816000"
"Microsoft Azure Sponsorship","82375e17-0dda-4790-b6e8-c565d4f08e87","10/30/2024","17b3fc96-9141-4e25-88f2-b8953f3ca784","Virtual Machines","Dv3/DSv3 Series","BR South","D2 v3/D2s v3","24","3.816000"
"Microsoft Azure Sponsorship","82375e17-0dda-4790-b6e8-c565d4f08e87","10/31/2024","17b3fc96-9141-4e25-88f2-b8953f3ca784","Virtual Machines","Dv3/DSv3 Series","BR South","D2 v3/D2s v3","12","1.908000"
"Microsoft Azure Sponsorship","82375e17-0dda-4790-b6e8-c565d4f08e87","9/30/2024","43034668-a244-4031-bb4d-be5bcce22c5f","Bandwidth","Inter-Region","Intercontinental","Inter Continent Data Transfer Out - LATAM To Any","1.472843","0.235653"
"Microsoft Azure Sponsorship","82375e17-0dda-4790-b6e8-c565d4f08e87","10/1/2024","43034668-a244-4031-bb4d-be5bcce22c5f","Bandwidth","Inter-Region","Intercontinental","Inter Continent Data Transfer Out - LATAM To Any","0.634788","0.101567"
"Microsoft Azure Sponsorship","82375e17-0dda-4790-b6e8-c565d4f08e87","10/2/2024","43034668-a244-4031-bb4d-be5bcce22c5f","Bandwidth","Inter-Region","Intercontinental","Inter Continent Data Transfer Out - LATAM To Any","0.918868","0.147021"
"Microsoft Azure Sponsorship","82375e17-0dda-4790-b6e8-c565d4f08e87","10/3/2024","43034668-a244-4031-bb4d-be5bcce22c5f","Bandwidth","Inter-Region","Intercontinental","Inter Continent Data Transfer Out - LATAM To Any","0.28514","0.045622"
"Microsoft Azure Sponsorship","82375e17-0dda-4790-b6e8-c565d4f08e87","10/4/2024","43034668-a244-4031-bb4d-be5bcce22c5f","Bandwidth","Inter-Region","Intercontinental","Inter Continent Data Transfer Out - LATAM To Any","0.776206","0.124191"
"Microsoft Azure Sponsorship","82375e17-0dda-4790-b6e8-c565d4f08e87","10/5/2024","43034668-a244-4031-bb4d-be5bcce22c5f","Bandwidth","Inter-Region","Intercontinental","Inter Continent Data Transfer Out - LATAM To Any","0.793619","0.126981"
"Microsoft Azure Sponsorship","82375e17-0dda-4790-b6e8-c565d4f08e87","10/6/2024","43034668-a244-4031-bb4d-be5bcce22c5f","Bandwidth","Inter-Region","Intercontinental","Inter Continent Data Transfer Out - LATAM To Any","0.693466","0.110952"
"Microsoft Azure Sponsorship","82375e17-0dda-4790-b6e8-c565d4f08e87","10/7/2024","43034668-a244-4031-bb4d-be5bcce22c5f","Bandwidth","Inter-Region","Intercontinental","Inter Continent Data Transfer Out - LATAM To Any","1.093297","0.174925"
"Microsoft Azure Sponsorship","82375e17-0dda-4790-b6e8-c565d4f08e87","10/8/2024","43034668-a244-4031-bb4d-be5bcce22c5f","Bandwidth","Inter-Region","Intercontinental","Inter Continent Data Transfer Out - LATAM To Any","0.573439","0.091749"
"Microsoft Azure Sponsorship","82375e17-0dda-4790-b6e8-c565d4f08e87","10/9/2024","43034668-a244-4031-bb4d-be5bcce22c5f","Bandwidth","Inter-Region","Intercontinental","Inter Continent Data Transfer Out - LATAM To Any","0.706704","0.113075"
"Microsoft Azure Sponsorship","82375e17-0dda-4790-b6e8-c565d4f08e87","10/10/2024","43034668-a244-4031-bb4d-be5bcce22c5f","Bandwidth","Inter-Region","Intercontinental","Inter Continent Data Transfer Out - LATAM To Any","1.428519","0.228562"
"Microsoft Azure Sponsorship","82375e17-0dda-4790-b6e8-c565d4f08e87","10/11/2024","43034668-a244-4031-bb4d-be5bcce22c5f","Bandwidth","Inter-Region","Intercontinental","Inter Continent Data Transfer Out - LATAM To Any","0.91026","0.145642"
"Microsoft Azure Sponsorship","82375e17-0dda-4790-b6e8-c565d4f08e87","10/12/2024","43034668-a244-4031-bb4d-be5bcce22c5f","Bandwidth","Inter-Region","Intercontinental","Inter Continent Data Transfer Out - LATAM To Any","0.307288","0.049161"
"Microsoft Azure Sponsorship","82375e17-0dda-4790-b6e8-c565d4f08e87","10/13/2024","43034668-a244-4031-bb4d-be5bcce22c5f","Bandwidth","Inter-Region","Intercontinental","Inter Continent Data Transfer Out - LATAM To Any","0.872846","0.139652"
"Microsoft Azure Sponsorship","82375e17-0dda-4790-b6e8-c565d4f08e87","10/14/2024","43034668-a244-4031-bb4d-be5bcce22c5f","Bandwidth","Inter-Region","Intercontinental","Inter Continent Data Transfer Out - LATAM To Any","0.438947","0.070233"
"Microsoft Azure Sponsorship","82375e17-0dda-4790-b6e8-c565d4f08e87","10/15/2024","43034668-a244-4031-bb4d-be5bcce22c5f","Bandwidth","Inter-Region","Intercontinental","Inter Continent Data Transfer Out - LATAM To Any","0.884547","0.141530"
"Microsoft Azure Sponsorship","82375e17-0dda-4790-b6e8-c565d4f08e87","10/16/2024","43034668-a244-4031-bb4d-be5bcce22c5f","Bandwidth","Inter-Region","Intercontinental","Inter Continent Data Transfer Out - LATAM To Any","0.633942","0.101431"
"Microsoft Azure Sponsorship","82375e17-0dda-4790-b6e8-c565d4f08e87","10/17/2024","43034668-a244-4031-bb4d-be5bcce22c5f","Bandwidth","Inter-Region","Intercontinental","Inter Continent Data Transfer Out - LATAM To Any","0.399812","0.063969"
"Microsoft Azure Sponsorship","82375e17-0dda-4790-b6e8-c565d4f08e87","10/18/2024","43034668-a244-4031-bb4d-be5bcce22c5f","Bandwidth","Inter-Region","Intercontinental","Inter Continent Data Transfer Out - LATAM To Any","0.549383","0.087900"
"Microsoft Azure Sponsorship","82375e17-0dda-4790-b6e8-c565d4f08e87","10/19/2024","43034668-a244-4031-bb4d-be5bcce22c5f","Bandwidth","Inter-Region","Intercontinental","Inter Continent Data Transfer Out - LATAM To Any","0.696026","0.111362"
"Microsoft Azure Sponsorship","82375e17-0dda-4790-b6e8-c565d4f08e87","10/20/2024","43034668-a244-4031-bb4d-be5bcce22c5f","Bandwidth","Inter-Region","Intercontinental","Inter Continent Data Transfer Out - LATAM To Any","0.630325","0.100849"
"Microsoft Azure Sponsorship","82375e17-0dda-4790-b6e8-c565d4f08e87","10/21/2024","43034668-a244-4031-bb4d-be5bcce22c5f","Bandwidth","Inter-Region","Intercontinental","Inter Continent Data Transfer Out - LATAM To Any","1.64873","0.263793"
"Microsoft Azure Sponsorship","82375e17-0dda-4790-b6e8-c565d4f08e87","10/22/2024","43034668-a244-4031-bb4d-be5bcce22c5f","Bandwidth","Inter-Region","Intercontinental","Inter Continent Data Transfer Out - LATAM To Any","2.108163","0.337305"
"Microsoft Azure Sponsorship","82375e17-0dda-4790-b6e8-c565d4f08e87","10/23/2024","43034668-a244-4031-bb4d-be5bcce22c5f","Bandwidth","Inter-Region","Intercontinental","Inter Continent Data Transfer Out - LATAM To Any","1.641291","0.262601"
"Microsoft Azure Sponsorship","82375e17-0dda-4790-b6e8-c565d4f08e87","10/24/2024","43034668-a244-4031-bb4d-be5bcce22c5f","Bandwidth","Inter-Region","Intercontinental","Inter Continent Data Transfer Out - LATAM To Any","1.332908","0.213264"
"Microsoft Azure Sponsorship","82375e17-0dda-4790-b6e8-c565d4f08e87","10/25/2024","43034668-a244-4031-bb4d-be5bcce22c5f","Bandwidth","Inter-Region","Intercontinental","Inter Continent Data Transfer Out - LATAM To Any","0.876477","0.140233"
"Microsoft Azure Sponsorship","82375e17-0dda-4790-b6e8-c565d4f08e87","10/26/2024","43034668-a244-4031-bb4d-be5bcce22c5f","Bandwidth","Inter-Region","Intercontinental","Inter Continent Data Transfer Out - LATAM To Any","1.939162","0.310263"
"Microsoft Azure Sponsorship","82375e17-0dda-4790-b6e8-c565d4f08e87","10/27/2024","43034668-a244-4031-bb4d-be5bcce22c5f","Bandwidth","Inter-Region","Intercontinental","Inter Continent Data Transfer Out - LATAM To Any","0.975283","0.156047"
"Microsoft Azure Sponsorship","82375e17-0dda-4790-b6e8-c565d4f08e87","10/28/2024","43034668-a244-4031-bb4d-be5bcce22c5f","Bandwidth","Inter-Region","Intercontinental","Inter Continent Data Transfer Out - LATAM To Any","1.758725","0.281393"
"Microsoft Azure Sponsorship","82375e17-0dda-4790-b6e8-c565d4f08e87","10/29/2024","43034668-a244-4031-bb4d-be5bcce22c5f","Bandwidth","Inter-Region","Intercontinental","Inter Continent Data Transfer Out - LATAM To Any","3.466974","0.554712"
"Microsoft Azure Sponsorship","82375e17-0dda-4790-b6e8-c565d4f08e87","10/30/2024","43034668-a244-4031-bb4d-be5bcce22c5f","Bandwidth","Inter-Region","Intercontinental","Inter Continent Data Transfer Out - LATAM To Any","1.860283","0.297644"
"Microsoft Azure Sponsorship","82375e17-0dda-4790-b6e8-c565d4f08e87","10/31/2024","43034668-a244-4031-bb4d-be5bcce22c5f","Bandwidth","Inter-Region","Intercontinental","Inter Continent Data Transfer Out - LATAM To Any","0.537759","0.086043"
"Microsoft Azure Sponsorship","82375e17-0dda-4790-b6e8-c565d4f08e87","9/30/2024","9c150bf9-2bad-430e-a53c-c213804f49ef","Virtual Network","IP Addresses","All","Standard IPv4 Static Public IP","24","0.120000"
"Microsoft Azure Sponsorship","82375e17-0dda-4790-b6e8-c565d4f08e87","10/1/2024","9c150bf9-2bad-430e-a53c-c213804f49ef","Virtual Network","IP Addresses","All","Standard IPv4 Static Public IP","24","0.120000"
"Microsoft Azure Sponsorship","82375e17-0dda-4790-b6e8-c565d4f08e87","10/2/2024","9c150bf9-2bad-430e-a53c-c213804f49ef","Virtual Network","IP Addresses","All","Standard IPv4 Static Public IP","24","0.120000"
"Microsoft Azure Sponsorship","82375e17-0dda-4790-b6e8-c565d4f08e87","10/3/2024","9c150bf9-2bad-430e-a53c-c213804f49ef","Virtual Network","IP Addresses","All","Standard IPv4 Static Public IP","24","0.120000"
"Microsoft Azure Sponsorship","82375e17-0dda-4790-b6e8-c565d4f08e87","10/4/2024","9c150bf9-2bad-430e-a53c-c213804f49ef","Virtual Network","IP Addresses","All","Standard IPv4 Static Public IP","24","0.120000"
"Microsoft Azure Sponsorship","82375e17-0dda-4790-b6e8-c565d4f08e87","10/5/2024","9c150bf9-2bad-430e-a53c-c213804f49ef","Virtual Network","IP Addresses","All","Standard IPv4 Static Public IP","24","0.120000"
"Microsoft Azure Sponsorship","82375e17-0dda-4790-b6e8-c565d4f08e87","10/6/2024","9c150bf9-2bad-430e-a53c-c213804f49ef","Virtual Network","IP Addresses","All","Standard IPv4 Static Public IP","24","0.120000"
"Microsoft Azure Sponsorship","82375e17-0dda-4790-b6e8-c565d4f08e87","10/7/2024","9c150bf9-2bad-430e-a53c-c213804f49ef","Virtual Network","IP Addresses","All","Standard IPv4 Static Public IP","24","0.120000"
"Microsoft Azure Sponsorship","82375e17-0dda-4790-b6e8-c565d4f08e87","10/8/2024","9c150bf9-2bad-430e-a53c-c213804f49ef","Virtual Network","IP Addresses","All","Standard IPv4 Static Public IP","24","0.120000"
"Microsoft Azure Sponsorship","82375e17-0dda-4790-b6e8-c565d4f08e87","10/9/2024","9c150bf9-2bad-430e-a53c-c213804f49ef","Virtual Network","IP Addresses","All","Standard IPv4 Static Public IP","24","0.120000"
"Microsoft Azure Sponsorship","82375e17-0dda-4790-b6e8-c565d4f08e87","10/10/2024","9c150bf9-2bad-430e-a53c-c213804f49ef","Virtual Network","IP Addresses","All","Standard IPv4 Static Public IP","24","0.120000"
"Microsoft Azure Sponsorship","82375e17-0dda-4790-b6e8-c565d4f08e87","10/11/2024","9c150bf9-2bad-430e-a53c-c213804f49ef","Virtual Network","IP Addresses","All","Standard IPv4 Static Public IP","24","0.120000"
"Microsoft Azure Sponsorship","82375e17-0dda-4790-b6e8-c565d4f08e87","10/12/2024","9c150bf9-2bad-430e-a53c-c213804f49ef","Virtual Network","IP Addresses","All","Standard IPv4 Static Public IP","24","0.120000"
"Microsoft Azure Sponsorship","82375e17-0dda-4790-b6e8-c565d4f08e87","10/13/2024","9c150bf9-2bad-430e-a53c-c213804f49ef","Virtual Network","IP Addresses","All","Standard IPv4 Static Public IP","24","0.120000"
"Microsoft Azure Sponsorship","82375e17-0dda-4790-b6e8-c565d4f08e87","10/14/2024","9c150bf9-2bad-430e-a53c-c213804f49ef","Virtual Network","IP Addresses","All","Standard IPv4 Static Public IP","24","0.120000"
"Microsoft Azure Sponsorship","82375e17-0dda-4790-b6e8-c565d4f08e87","10/15/2024","9c150bf9-2bad-430e-a53c-c213804f49ef","Virtual Network","IP Addresses","All","Standard IPv4 Static Public IP","24","0.120000"
"Microsoft Azure Sponsorship","82375e17-0dda-4790-b6e8-c565d4f08e87","10/16/2024","9c150bf9-2bad-430e-a53c-c213804f49ef","Virtual Network","IP Addresses","All","Standard IPv4 Static Public IP","24","0.120000"
"Microsoft Azure Sponsorship","82375e17-0dda-4790-b6e8-c565d4f08e87","10/17/2024","9c150bf9-2bad-430e-a53c-c213804f49ef","Virtual Network","IP Addresses","All","Standard IPv4 Static Public IP","24","0.120000"
"Microsoft Azure Sponsorship","82375e17-0dda-4790-b6e8-c565d4f08e87","10/18/2024","9c150bf9-2bad-430e-a53c-c213804f49ef","Virtual Network","IP Addresses","All","Standard IPv4 Static Public IP","24","0.120000"
"Microsoft Azure Sponsorship","82375e17-0dda-4790-b6e8-c565d4f08e87","10/19/2024","9c150bf9-2bad-430e-a53c-c213804f49ef","Virtual Network","IP Addresses","All","Standard IPv4 Static Public IP","24","0.120000"
"Microsoft Azure Sponsorship","82375e17-0dda-4790-b6e8-c565d4f08e87","10/20/2024","9c150bf9-2bad-430e-a53c-c213804f49ef","Virtual Network","IP Addresses","All","Standard IPv4 Static Public IP","24","0.120000"
"Microsoft Azure Sponsorship","82375e17-0dda-4790-b6e8-c565d4f08e87","10/21/2024","9c150bf9-2bad-430e-a53c-c213804f49ef","Virtual Network","IP Addresses","All","Standard IPv4 Static Public IP","24","0.120000"
"Microsoft Azure Sponsorship","82375e17-0dda-4790-b6e8-c565d4f08e87","10/22/2024","9c150bf9-2bad-430e-a53c-c213804f49ef","Virtual Network","IP Addresses","All","Standard IPv4 Static Public IP","24","0.120000"
"Microsoft Azure Sponsorship","82375e17-0dda-4790-b6e8-c565d4f08e87","10/23/2024","9c150bf9-2bad-430e-a53c-c213804f49ef","Virtual Network","IP Addresses","All","Standard IPv4 Static Public IP","24","0.120000"
"Microsoft Azure Sponsorship","82375e17-0dda-4790-b6e8-c565d4f08e87","10/24/2024","9c150bf9-2bad-430e-a53c-c213804f49ef","Virtual Network","IP Addresses","All","Standard IPv4 Static Public IP","24","0.120000"
"Microsoft Azure Sponsorship","82375e17-0dda-4790-b6e8-c565d4f08e87","10/25/2024","9c150bf9-2bad-430e-a53c-c213804f49ef","Virtual Network","IP Addresses","All","Standard IPv4 Static Public IP","24","0.120000"
"Microsoft Azure Sponsorship","82375e17-0dda-4790-b6e8-c565d4f08e87","10/26/2024","9c150bf9-2bad-430e-a53c-c213804f49ef","Virtual Network","IP Addresses","All","Standard IPv4 Static Public IP","24","0.120000"
"Microsoft Azure Sponsorship","82375e17-0dda-4790-b6e8-c565d4f08e87","10/27/2024","9c150bf9-2bad-430e-a53c-c213804f49ef","Virtual Network","IP Addresses","All","Standard IPv4 Static Public IP","24","0.120000"
"Microsoft Azure Sponsorship","82375e17-0dda-4790-b6e8-c565d4f08e87","10/28/2024","9c150bf9-2bad-430e-a53c-c213804f49ef","Virtual Network","IP Addresses","All","Standard IPv4 Static Public IP","24","0.120000"
"Microsoft Azure Sponsorship","82375e17-0dda-4790-b6e8-c565d4f08e87","10/29/2024","9c150bf9-2bad-430e-a53c-c213804f49ef","Virtual Network","IP Addresses","All","Standard IPv4 Static Public IP","24","0.120000"
"Microsoft Azure Sponsorship","82375e17-0dda-4790-b6e8-c565d4f08e87","10/30/2024","9c150bf9-2bad-430e-a53c-c213804f49ef","Virtual Network","IP Addresses","All","Standard IPv4 Static Public IP","24","0.120000"
"Microsoft Azure Sponsorship","82375e17-0dda-4790-b6e8-c565d4f08e87","10/31/2024","9c150bf9-2bad-430e-a53c-c213804f49ef","Virtual Network","IP Addresses","All","Standard IPv4 Static Public IP","13","0.065000"
"Microsoft Azure Sponsorship","82375e17-0dda-4790-b6e8-c565d4f08e87","9/30/2024","0b608a26-f611-4232-8192-ce81b6b57194","Azure DNS","All","All","Private Zone","0.032256","0.016128"
"Microsoft Azure Sponsorship","82375e17-0dda-4790-b6e8-c565d4f08e87","10/1/2024","0b608a26-f611-4232-8192-ce81b6b57194","Azure DNS","All","All","Private Zone","0.032256","0.016128"
"Microsoft Azure Sponsorship","82375e17-0dda-4790-b6e8-c565d4f08e87","10/2/2024","0b608a26-f611-4232-8192-ce81b6b57194","Azure DNS","All","All","Private Zone","0.032256","0.016128"
"Microsoft Azure Sponsorship","82375e17-0dda-4790-b6e8-c565d4f08e87","10/3/2024","0b608a26-f611-4232-8192-ce81b6b57194","Azure DNS","All","All","Private Zone","0.032256","0.016128"
"Microsoft Azure Sponsorship","82375e17-0dda-4790-b6e8-c565d4f08e87","10/4/2024","0b608a26-f611-4232-8192-ce81b6b57194","Azure DNS","All","All","Private Zone","0.032256","0.016128"
"Microsoft Azure Sponsorship","82375e17-0dda-4790-b6e8-c565d4f08e87","10/5/2024","0b608a26-f611-4232-8192-ce81b6b57194","Azure DNS","All","All","Private Zone","0.032256","0.016128"
"Microsoft Azure Sponsorship","82375e17-0dda-4790-b6e8-c565d4f08e87","10/6/2024","0b608a26-f611-4232-8192-ce81b6b57194","Azure DNS","All","All","Private Zone","0.032256","0.016128"
"Microsoft Azure Sponsorship","82375e17-0dda-4790-b6e8-c565d4f08e87","10/7/2024","0b608a26-f611-4232-8192-ce81b6b57194","Azure DNS","All","All","Private Zone","0.032256","0.016128"
"Microsoft Azure Sponsorship","82375e17-0dda-4790-b6e8-c565d4f08e87","10/8/2024","0b608a26-f611-4232-8192-ce81b6b57194","Azure DNS","All","All","Private Zone","0.032256","0.016128"
"Microsoft Azure Sponsorship","82375e17-0dda-4790-b6e8-c565d4f08e87","10/9/2024","0b608a26-f611-4232-8192-ce81b6b57194","Azure DNS","All","All","Private Zone","0.032256","0.016128"
"Microsoft Azure Sponsorship","82375e17-0dda-4790-b6e8-c565d4f08e87","10/10/2024","0b608a26-f611-4232-8192-ce81b6b57194","Azure DNS","All","All","Private Zone","0.032256","0.016128"
"Microsoft Azure Sponsorship","82375e17-0dda-4790-b6e8-c565d4f08e87","10/11/2024","0b608a26-f611-4232-8192-ce81b6b57194","Azure DNS","All","All","Private Zone","0.032256","0.016128"
"Microsoft Azure Sponsorship","82375e17-0dda-4790-b6e8-c565d4f08e87","10/12/2024","0b608a26-f611-4232-8192-ce81b6b57194","Azure DNS","All","All","Private Zone","0.032256","0.016128"
"Microsoft Azure Sponsorship","82375e17-0dda-4790-b6e8-c565d4f08e87","10/13/2024","0b608a26-f611-4232-8192-ce81b6b57194","Azure DNS","All","All","Private Zone","0.032256","0.016128"
"Microsoft Azure Sponsorship","82375e17-0dda-4790-b6e8-c565d4f08e87","10/14/2024","0b608a26-f611-4232-8192-ce81b6b57194","Azure DNS","All","All","Private Zone","0.032256","0.016128"
"Microsoft Azure Sponsorship","82375e17-0dda-4790-b6e8-c565d4f08e87","10/15/2024","0b608a26-f611-4232-8192-ce81b6b57194","Azure DNS","All","All","Private Zone","0.032256","0.016128"
"Microsoft Azure Sponsorship","82375e17-0dda-4790-b6e8-c565d4f08e87","10/16/2024","0b608a26-f611-4232-8192-ce81b6b57194","Azure DNS","All","All","Private Zone","0.032256","0.016128"
"Microsoft Azure Sponsorship","82375e17-0dda-4790-b6e8-c565d4f08e87","10/17/2024","0b608a26-f611-4232-8192-ce81b6b57194","Azure DNS","All","All","Private Zone","0.032256","0.016128"
"Microsoft Azure Sponsorship","82375e17-0dda-4790-b6e8-c565d4f08e87","10/18/2024","0b608a26-f611-4232-8192-ce81b6b57194","Azure DNS","All","All","Private Zone","0.032256","0.016128"
"Microsoft Azure Sponsorship","82375e17-0dda-4790-b6e8-c565d4f08e87","10/19/2024","0b608a26-f611-4232-8192-ce81b6b57194","Azure DNS","All","All","Private Zone","0.032256","0.016128"
"Microsoft Azure Sponsorship","82375e17-0dda-4790-b6e8-c565d4f08e87","10/20/2024","0b608a26-f611-4232-8192-ce81b6b57194","Azure DNS","All","All","Private Zone","0.032256","0.016128"
"Microsoft Azure Sponsorship","82375e17-0dda-4790-b6e8-c565d4f08e87","10/21/2024","0b608a26-f611-4232-8192-ce81b6b57194","Azure DNS","All","All","Private Zone","0.032256","0.016128"
"Microsoft Azure Sponsorship","82375e17-0dda-4790-b6e8-c565d4f08e87","10/22/2024","0b608a26-f611-4232-8192-ce81b6b57194","Azure DNS","All","All","Private Zone","0.032256","0.016128"
"Microsoft Azure Sponsorship","82375e17-0dda-4790-b6e8-c565d4f08e87","10/23/2024","0b608a26-f611-4232-8192-ce81b6b57194","Azure DNS","All","All","Private Zone","0.032256","0.016128"
"Microsoft Azure Sponsorship","82375e17-0dda-4790-b6e8-c565d4f08e87","10/24/2024","0b608a26-f611-4232-8192-ce81b6b57194","Azure DNS","All","All","Private Zone","0.032256","0.016128"
"Microsoft Azure Sponsorship","82375e17-0dda-4790-b6e8-c565d4f08e87","10/25/2024","0b608a26-f611-4232-8192-ce81b6b57194","Azure DNS","All","All","Private Zone","0.032256","0.016128"
"Microsoft Azure Sponsorship","82375e17-0dda-4790-b6e8-c565d4f08e87","10/26/2024","0b608a26-f611-4232-8192-ce81b6b57194","Azure DNS","All","All","Private Zone","0.032256","0.016128"
"Microsoft Azure Sponsorship","82375e17-0dda-4790-b6e8-c565d4f08e87","10/27/2024","0b608a26-f611-4232-8192-ce81b6b57194","Azure DNS","All","All","Private Zone","0.032256","0.016128"
"Microsoft Azure Sponsorship","82375e17-0dda-4790-b6e8-c565d4f08e87","10/28/2024","0b608a26-f611-4232-8192-ce81b6b57194","Azure DNS","All","All","Private Zone","0.032256","0.016128"
"Microsoft Azure Sponsorship","82375e17-0dda-4790-b6e8-c565d4f08e87","10/29/2024","0b608a26-f611-4232-8192-ce81b6b57194","Azure DNS","All","All","Private Zone","0.032256","0.016128"
"Microsoft Azure Sponsorship","82375e17-0dda-4790-b6e8-c565d4f08e87","10/30/2024","0b608a26-f611-4232-8192-ce81b6b57194","Azure DNS","All","All","Private Zone","0.032256","0.016128"
"Microsoft Azure Sponsorship","82375e17-0dda-4790-b6e8-c565d4f08e87","10/31/2024","0b608a26-f611-4232-8192-ce81b6b57194","Azure DNS","All","All","Private Zone","0.017472","0.008736"
"Microsoft Azure Sponsorship","82375e17-0dda-4790-b6e8-c565d4f08e87","9/30/2024","cbe92596-7f61-5f48-ba3d-d624aa141eaf","Backup","All","US East","Azure VM Protected Instances","0.032256","0.322584"
"Microsoft Azure Sponsorship","82375e17-0dda-4790-b6e8-c565d4f08e87","10/1/2024","cbe92596-7f61-5f48-ba3d-d624aa141eaf","Backup","All","US East","Azure VM Protected Instances","0.032256","0.322584"
"Microsoft Azure Sponsorship","82375e17-0dda-4790-b6e8-c565d4f08e87","10/2/2024","cbe92596-7f61-5f48-ba3d-d624aa141eaf","Backup","All","US East","Azure VM Protected Instances","0.032256","0.322584"
"Microsoft Azure Sponsorship","82375e17-0dda-4790-b6e8-c565d4f08e87","10/3/2024","cbe92596-7f61-5f48-ba3d-d624aa141eaf","Backup","All","US East","Azure VM Protected Instances","0.032256","0.322584"
"Microsoft Azure Sponsorship","82375e17-0dda-4790-b6e8-c565d4f08e87","10/4/2024","cbe92596-7f61-5f48-ba3d-d624aa141eaf","Backup","All","US East","Azure VM Protected Instances","0.032256","0.322584"
"Microsoft Azure Sponsorship","82375e17-0dda-4790-b6e8-c565d4f08e87","10/5/2024","cbe92596-7f61-5f48-ba3d-d624aa141eaf","Backup","All","US East","Azure VM Protected Instances","0.032256","0.322584"
"Microsoft Azure Sponsorship","82375e17-0dda-4790-b6e8-c565d4f08e87","10/6/2024","cbe92596-7f61-5f48-ba3d-d624aa141eaf","Backup","All","US East","Azure VM Protected Instances","0.032256","0.322584"
"Microsoft Azure Sponsorship","82375e17-0dda-4790-b6e8-c565d4f08e87","10/7/2024","cbe92596-7f61-5f48-ba3d-d624aa141eaf","Backup","All","US East","Azure VM Protected Instances","0.032256","0.322584"
"Microsoft Azure Sponsorship","82375e17-0dda-4790-b6e8-c565d4f08e87","10/8/2024","cbe92596-7f61-5f48-ba3d-d624aa141eaf","Backup","All","US East","Azure VM Protected Instances","0.032256","0.322584"
"Microsoft Azure Sponsorship","82375e17-0dda-4790-b6e8-c565d4f08e87","10/9/2024","cbe92596-7f61-5f48-ba3d-d624aa141eaf","Backup","All","US East","Azure VM Protected Instances","0.032256","0.322584"
"Microsoft Azure Sponsorship","82375e17-0dda-4790-b6e8-c565d4f08e87","10/10/2024","cbe92596-7f61-5f48-ba3d-d624aa141eaf","Backup","All","US East","Azure VM Protected Instances","0.032256","0.322584"
"Microsoft Azure Sponsorship","82375e17-0dda-4790-b6e8-c565d4f08e87","10/11/2024","cbe92596-7f61-5f48-ba3d-d624aa141eaf","Backup","All","US East","Azure VM Protected Instances","0.032256","0.322584"
"Microsoft Azure Sponsorship","82375e17-0dda-4790-b6e8-c565d4f08e87","10/12/2024","cbe92596-7f61-5f48-ba3d-d624aa141eaf","Backup","All","US East","Azure VM Protected Instances","0.032256","0.322584"
"Microsoft Azure Sponsorship","82375e17-0dda-4790-b6e8-c565d4f08e87","10/13/2024","cbe92596-7f61-5f48-ba3d-d624aa141eaf","Backup","All","US East","Azure VM Protected Instances","0.032256","0.322584"
"Microsoft Azure Sponsorship","82375e17-0dda-4790-b6e8-c565d4f08e87","10/14/2024","cbe92596-7f61-5f48-ba3d-d624aa141eaf","Backup","All","US East","Azure VM Protected Instances","0.032256","0.322584"
"Microsoft Azure Sponsorship","82375e17-0dda-4790-b6e8-c565d4f08e87","10/15/2024","cbe92596-7f61-5f48-ba3d-d624aa141eaf","Backup","All","US East","Azure VM Protected Instances","0.032256","0.322584"
"Microsoft Azure Sponsorship","82375e17-0dda-4790-b6e8-c565d4f08e87","10/16/2024","cbe92596-7f61-5f48-ba3d-d624aa141eaf","Backup","All","US East","Azure VM Protected Instances","0.032256","0.322584"
"Microsoft Azure Sponsorship","82375e17-0dda-4790-b6e8-c565d4f08e87","10/17/2024","cbe92596-7f61-5f48-ba3d-d624aa141eaf","Backup","All","US East","Azure VM Protected Instances","0.032256","0.322584"
"Microsoft Azure Sponsorship","82375e17-0dda-4790-b6e8-c565d4f08e87","10/18/2024","cbe92596-7f61-5f48-ba3d-d624aa141eaf","Backup","All","US East","Azure VM Protected Instances","0.032256","0.322584"
"Microsoft Azure Sponsorship","82375e17-0dda-4790-b6e8-c565d4f08e87","10/19/2024","cbe92596-7f61-5f48-ba3d-d624aa141eaf","Backup","All","US East","Azure VM Protected Instances","0.032256","0.322584"
"Microsoft Azure Sponsorship","82375e17-0dda-4790-b6e8-c565d4f08e87","10/20/2024","cbe92596-7f61-5f48-ba3d-d624aa141eaf","Backup","All","US East","Azure VM Protected Instances","0.032256","0.322584"
"Microsoft Azure Sponsorship","82375e17-0dda-4790-b6e8-c565d4f08e87","10/21/2024","cbe92596-7f61-5f48-ba3d-d624aa141eaf","Backup","All","US East","Azure VM Protected Instances","0.032256","0.322584"
"Microsoft Azure Sponsorship","82375e17-0dda-4790-b6e8-c565d4f08e87","10/22/2024","cbe92596-7f61-5f48-ba3d-d624aa141eaf","Backup","All","US East","Azure VM Protected Instances","0.032256","0.322584"
"Microsoft Azure Sponsorship","82375e17-0dda-4790-b6e8-c565d4f08e87","10/23/2024","cbe92596-7f61-5f48-ba3d-d624aa141eaf","Backup","All","US East","Azure VM Protected Instances","0.032256","0.322584"
"Microsoft Azure Sponsorship","82375e17-0dda-4790-b6e8-c565d4f08e87","10/24/2024","cbe92596-7f61-5f48-ba3d-d624aa141eaf","Backup","All","US East","Azure VM Protected Instances","0.032256","0.322584"
"Microsoft Azure Sponsorship","82375e17-0dda-4790-b6e8-c565d4f08e87","10/25/2024","cbe92596-7f61-5f48-ba3d-d624aa141eaf","Backup","All","US East","Azure VM Protected Instances","0.032256","0.322584"
"Microsoft Azure Sponsorship","82375e17-0dda-4790-b6e8-c565d4f08e87","10/26/2024","cbe92596-7f61-5f48-ba3d-d624aa141eaf","Backup","All","US East","Azure VM Protected Instances","0.032256","0.322584"
"Microsoft Azure Sponsorship","82375e17-0dda-4790-b6e8-c565d4f08e87","10/27/2024","cbe92596-7f61-5f48-ba3d-d624aa141eaf","Backup","All","US East","Azure VM Protected Instances","0.032256","0.322584"
"Microsoft Azure Sponsorship","82375e17-0dda-4790-b6e8-c565d4f08e87","10/28/2024","cbe92596-7f61-5f48-ba3d-d624aa141eaf","Backup","All","US East","Azure VM Protected Instances","0.032256","0.322584"
"Microsoft Azure Sponsorship","82375e17-0dda-4790-b6e8-c565d4f08e87","10/29/2024","cbe92596-7f61-5f48-ba3d-d624aa141eaf","Backup","All","US East","Azure VM Protected Instances","0.032256","0.322584"
"Microsoft Azure Sponsorship","82375e17-0dda-4790-b6e8-c565d4f08e87","10/30/2024","cbe92596-7f61-5f48-ba3d-d624aa141eaf","Backup","All","US East","Azure VM Protected Instances","0.032256","0.322584"
"Microsoft Azure Sponsorship","82375e17-0dda-4790-b6e8-c565d4f08e87","10/31/2024","cbe92596-7f61-5f48-ba3d-d624aa141eaf","Backup","All","US East","Azure VM Protected Instances","0.016128","0.161292"
